id,name,SampleID,BatchID,Test,Result,AssetID,WOID,Status,FacilityID,SiteID
LIMS-1,LIMS-BPO1-1-1-WO-BPO1-1-1-LIMS,SMP-1,BPO1-1-1,Microbiological Testing,93,,WO-BPO1-1-1-LIMS,Passed,F-1-S3,S3
LIMS-2,LIMS-BPO1-1-1-WO-BPO1-1-1-LIMS,SMP-2,BPO1-1-1,Chemical Analysis,96,,WO-BPO1-1-1-LIMS,Passed,F-1-S3,S3
LIMS-3,LIMS-BPO1-1-1-WO-BPO1-1-1-LIMS,SMP-3,BPO1-1-1,Physical Testing,99,,WO-BPO1-1-1-LIMS,Passed,F-1-S3,S3
LIMS-4,LIMS-BPO1-1-1-WO-BPO1-1-1-LIMS,SMP-4,BPO1-1-1,Environmental Monitoring,100,,WO-BPO1-1-1-LIMS,Passed,F-1-S3,S3
LIMS-5,LIMS-BPO1-1-1-WO-BPO1-1-1-LIMS,SMP-5,BPO1-1-1,Stability Testing,96,,WO-BPO1-1-1-LIMS,Passed,F-1-S3,S3
LIMS-6,LIMS-BPO1-1-2-WO-BPO1-1-2-LIMS,SMP-6,BPO1-1-2,Microbiological Testing,100,,WO-BPO1-1-2-LIMS,Passed,F-1-S3,S3
LIMS-7,LIMS-BPO1-1-2-WO-BPO1-1-2-LIMS,SMP-7,BPO1-1-2,Chemical Analysis,96,,WO-BPO1-1-2-LIMS,Passed,F-1-S3,S3
LIMS-8,LIMS-BPO1-1-2-WO-BPO1-1-2-LIMS,SMP-8,BPO1-1-2,Physical Testing,100,,WO-BPO1-1-2-LIMS,Passed,F-1-S3,S3
LIMS-9,LIMS-BPO1-1-2-WO-BPO1-1-2-LIMS,SMP-9,BPO1-1-2,Environmental Monitoring,96,,WO-BPO1-1-2-LIMS,Passed,F-1-S3,S3
LIMS-10,LIMS-BPO1-1-2-WO-BPO1-1-2-LIMS,SMP-10,BPO1-1-2,Stability Testing,95,,WO-BPO1-1-2-LIMS,Passed,F-1-S3,S3
LIMS-11,LIMS-BPO1-1-3-WO-BPO1-1-3-LIMS,SMP-11,BPO1-1-3,Microbiological Testing,97,,WO-BPO1-1-3-LIMS,Passed,F-1-S3,S3
LIMS-12,LIMS-BPO1-1-3-WO-BPO1-1-3-LIMS,SMP-12,BPO1-1-3,Chemical Analysis,94,,WO-BPO1-1-3-LIMS,Passed,F-1-S3,S3
LIMS-13,LIMS-BPO1-1-3-WO-BPO1-1-3-LIMS,SMP-13,BPO1-1-3,Physical Testing,94,,WO-BPO1-1-3-LIMS,Passed,F-1-S3,S3
LIMS-14,LIMS-BPO1-1-3-WO-BPO1-1-3-LIMS,SMP-14,BPO1-1-3,Environmental Monitoring,94,,WO-BPO1-1-3-LIMS,Passed,F-1-S3,S3
LIMS-15,LIMS-BPO1-1-3-WO-BPO1-1-3-LIMS,SMP-15,BPO1-1-3,Stability Testing,91,,WO-BPO1-1-3-LIMS,Passed,F-1-S3,S3
LIMS-16,LIMS-BPO1-1-4-WO-BPO1-1-4-LIMS,SMP-16,BPO1-1-4,Microbiological Testing,91,,WO-BPO1-1-4-LIMS,Passed,F-1-S3,S3
LIMS-17,LIMS-BPO1-1-4-WO-BPO1-1-4-LIMS,SMP-17,BPO1-1-4,Chemical Analysis,96,,WO-BPO1-1-4-LIMS,Passed,F-1-S3,S3
LIMS-18,LIMS-BPO1-1-4-WO-BPO1-1-4-LIMS,SMP-18,BPO1-1-4,Physical Testing,99,,WO-BPO1-1-4-LIMS,Passed,F-1-S3,S3
LIMS-19,LIMS-BPO1-1-4-WO-BPO1-1-4-LIMS,SMP-19,BPO1-1-4,Environmental Monitoring,96,,WO-BPO1-1-4-LIMS,Passed,F-1-S3,S3
LIMS-20,LIMS-BPO1-1-4-WO-BPO1-1-4-LIMS,SMP-20,BPO1-1-4,Stability Testing,84,,WO-BPO1-1-4-LIMS,InProgress,F-1-S3,S3
LIMS-21,LIMS-BPO1-1-5-WO-BPO1-1-5-LIMS,SMP-21,BPO1-1-5,Microbiological Testing,93,,WO-BPO1-1-5-LIMS,Passed,F-1-S3,S3
LIMS-22,LIMS-BPO1-1-5-WO-BPO1-1-5-LIMS,SMP-22,BPO1-1-5,Chemical Analysis,93,,WO-BPO1-1-5-LIMS,Passed,F-1-S3,S3
LIMS-23,LIMS-BPO1-1-5-WO-BPO1-1-5-LIMS,SMP-23,BPO1-1-5,Physical Testing,96,,WO-BPO1-1-5-LIMS,Passed,F-1-S3,S3
LIMS-24,LIMS-BPO1-1-5-WO-BPO1-1-5-LIMS,SMP-24,BPO1-1-5,Environmental Monitoring,95,,WO-BPO1-1-5-LIMS,Passed,F-1-S3,S3
LIMS-25,LIMS-BPO1-1-5-WO-BPO1-1-5-LIMS,SMP-25,BPO1-1-5,Stability Testing,87,,WO-BPO1-1-5-LIMS,InProgress,F-1-S3,S3
LIMS-26,LIMS-BPO1-1-6-WO-BPO1-1-6-LIMS,SMP-26,BPO1-1-6,Microbiological Testing,76,,WO-BPO1-1-6-LIMS,Failed,F-1-S3,S3
LIMS-27,LIMS-BPO1-1-6-WO-BPO1-1-6-LIMS,SMP-27,BPO1-1-6,Chemical Analysis,98,,WO-BPO1-1-6-LIMS,Passed,F-1-S3,S3
LIMS-28,LIMS-BPO1-1-6-WO-BPO1-1-6-LIMS,SMP-28,BPO1-1-6,Physical Testing,98,,WO-BPO1-1-6-LIMS,Passed,F-1-S3,S3
LIMS-29,LIMS-BPO1-1-6-WO-BPO1-1-6-LIMS,SMP-29,BPO1-1-6,Environmental Monitoring,100,,WO-BPO1-1-6-LIMS,Passed,F-1-S3,S3
LIMS-30,LIMS-BPO1-1-6-WO-BPO1-1-6-LIMS,SMP-30,BPO1-1-6,Stability Testing,91,,WO-BPO1-1-6-LIMS,Passed,F-1-S3,S3
LIMS-31,LIMS-BPO1-1-7-WO-BPO1-1-7-LIMS,SMP-31,BPO1-1-7,Microbiological Testing,99,,WO-BPO1-1-7-LIMS,Passed,F-1-S3,S3
LIMS-32,LIMS-BPO1-1-7-WO-BPO1-1-7-LIMS,SMP-32,BPO1-1-7,Chemical Analysis,96,,WO-BPO1-1-7-LIMS,Passed,F-1-S3,S3
LIMS-33,LIMS-BPO1-1-7-WO-BPO1-1-7-LIMS,SMP-33,BPO1-1-7,Physical Testing,100,,WO-BPO1-1-7-LIMS,Passed,F-1-S3,S3
LIMS-34,LIMS-BPO1-1-7-WO-BPO1-1-7-LIMS,SMP-34,BPO1-1-7,Environmental Monitoring,92,,WO-BPO1-1-7-LIMS,Passed,F-1-S3,S3
LIMS-35,LIMS-BPO1-1-7-WO-BPO1-1-7-LIMS,SMP-35,BPO1-1-7,Stability Testing,96,,WO-BPO1-1-7-LIMS,Passed,F-1-S3,S3
LIMS-36,LIMS-BPO2-2-1-WO-BPO2-2-1-LIMS,SMP-36,BPO2-2-1,Microbiological Testing,96,,WO-BPO2-2-1-LIMS,Passed,F-1-S10,S10
LIMS-37,LIMS-BPO2-2-1-WO-BPO2-2-1-LIMS,SMP-37,BPO2-2-1,Chemical Analysis,97,,WO-BPO2-2-1-LIMS,Passed,F-1-S10,S10
LIMS-38,LIMS-BPO2-2-1-WO-BPO2-2-1-LIMS,SMP-38,BPO2-2-1,Physical Testing,93,,WO-BPO2-2-1-LIMS,Passed,F-1-S10,S10
LIMS-39,LIMS-BPO2-2-1-WO-BPO2-2-1-LIMS,SMP-39,BPO2-2-1,Environmental Monitoring,91,,WO-BPO2-2-1-LIMS,Passed,F-1-S10,S10
LIMS-40,LIMS-BPO2-2-1-WO-BPO2-2-1-LIMS,SMP-40,BPO2-2-1,Stability Testing,93,,WO-BPO2-2-1-LIMS,Passed,F-1-S10,S10
LIMS-41,LIMS-BPO2-2-2-WO-BPO2-2-2-LIMS,SMP-41,BPO2-2-2,Microbiological Testing,100,,WO-BPO2-2-2-LIMS,Passed,F-1-S10,S10
LIMS-42,LIMS-BPO2-2-2-WO-BPO2-2-2-LIMS,SMP-42,BPO2-2-2,Chemical Analysis,94,,WO-BPO2-2-2-LIMS,Passed,F-1-S10,S10
LIMS-43,LIMS-BPO2-2-2-WO-BPO2-2-2-LIMS,SMP-43,BPO2-2-2,Physical Testing,94,,WO-BPO2-2-2-LIMS,Passed,F-1-S10,S10
LIMS-44,LIMS-BPO2-2-2-WO-BPO2-2-2-LIMS,SMP-44,BPO2-2-2,Environmental Monitoring,82,,WO-BPO2-2-2-LIMS,InProgress,F-1-S10,S10
LIMS-45,LIMS-BPO2-2-2-WO-BPO2-2-2-LIMS,SMP-45,BPO2-2-2,Stability Testing,96,,WO-BPO2-2-2-LIMS,Passed,F-1-S10,S10
LIMS-46,LIMS-BPO2-2-3-WO-BPO2-2-3-LIMS,SMP-46,BPO2-2-3,Microbiological Testing,94,,WO-BPO2-2-3-LIMS,Passed,F-1-S10,S10
LIMS-47,LIMS-BPO2-2-3-WO-BPO2-2-3-LIMS,SMP-47,BPO2-2-3,Chemical Analysis,96,,WO-BPO2-2-3-LIMS,Passed,F-1-S10,S10
LIMS-48,LIMS-BPO2-2-3-WO-BPO2-2-3-LIMS,SMP-48,BPO2-2-3,Physical Testing,86,,WO-BPO2-2-3-LIMS,InProgress,F-1-S10,S10
LIMS-49,LIMS-BPO2-2-3-WO-BPO2-2-3-LIMS,SMP-49,BPO2-2-3,Environmental Monitoring,92,,WO-BPO2-2-3-LIMS,Passed,F-1-S10,S10
LIMS-50,LIMS-BPO2-2-3-WO-BPO2-2-3-LIMS,SMP-50,BPO2-2-3,Stability Testing,84,,WO-BPO2-2-3-LIMS,InProgress,F-1-S10,S10
LIMS-51,LIMS-BPO2-2-4-WO-BPO2-2-4-LIMS,SMP-51,BPO2-2-4,Microbiological Testing,98,,WO-BPO2-2-4-LIMS,Passed,F-1-S10,S10
LIMS-52,LIMS-BPO2-2-4-WO-BPO2-2-4-LIMS,SMP-52,BPO2-2-4,Chemical Analysis,100,,WO-BPO2-2-4-LIMS,Passed,F-1-S10,S10
LIMS-53,LIMS-BPO2-2-4-WO-BPO2-2-4-LIMS,SMP-53,BPO2-2-4,Physical Testing,99,,WO-BPO2-2-4-LIMS,Passed,F-1-S10,S10
LIMS-54,LIMS-BPO2-2-4-WO-BPO2-2-4-LIMS,SMP-54,BPO2-2-4,Environmental Monitoring,95,,WO-BPO2-2-4-LIMS,Passed,F-1-S10,S10
LIMS-55,LIMS-BPO2-2-4-WO-BPO2-2-4-LIMS,SMP-55,BPO2-2-4,Stability Testing,83,,WO-BPO2-2-4-LIMS,InProgress,F-1-S10,S10
LIMS-56,LIMS-BPO2-2-5-WO-BPO2-2-5-LIMS,SMP-56,BPO2-2-5,Microbiological Testing,93,,WO-BPO2-2-5-LIMS,Passed,F-1-S10,S10
LIMS-57,LIMS-BPO2-2-5-WO-BPO2-2-5-LIMS,SMP-57,BPO2-2-5,Chemical Analysis,98,,WO-BPO2-2-5-LIMS,Passed,F-1-S10,S10
LIMS-58,LIMS-BPO2-2-5-WO-BPO2-2-5-LIMS,SMP-58,BPO2-2-5,Physical Testing,94,,WO-BPO2-2-5-LIMS,Passed,F-1-S10,S10
LIMS-59,LIMS-BPO2-2-5-WO-BPO2-2-5-LIMS,SMP-59,BPO2-2-5,Environmental Monitoring,93,,WO-BPO2-2-5-LIMS,Passed,F-1-S10,S10
LIMS-60,LIMS-BPO2-2-5-WO-BPO2-2-5-LIMS,SMP-60,BPO2-2-5,Stability Testing,97,,WO-BPO2-2-5-LIMS,Passed,F-1-S10,S10
LIMS-61,LIMS-BPO2-2-6-WO-BPO2-2-6-LIMS,SMP-61,BPO2-2-6,Microbiological Testing,86,,WO-BPO2-2-6-LIMS,InProgress,F-1-S10,S10
LIMS-62,LIMS-BPO2-2-6-WO-BPO2-2-6-LIMS,SMP-62,BPO2-2-6,Chemical Analysis,93,,WO-BPO2-2-6-LIMS,Passed,F-1-S10,S10
LIMS-63,LIMS-BPO2-2-6-WO-BPO2-2-6-LIMS,SMP-63,BPO2-2-6,Physical Testing,98,,WO-BPO2-2-6-LIMS,Passed,F-1-S10,S10
LIMS-64,LIMS-BPO2-2-6-WO-BPO2-2-6-LIMS,SMP-64,BPO2-2-6,Environmental Monitoring,93,,WO-BPO2-2-6-LIMS,Passed,F-1-S10,S10
LIMS-65,LIMS-BPO2-2-6-WO-BPO2-2-6-LIMS,SMP-65,BPO2-2-6,Stability Testing,95,,WO-BPO2-2-6-LIMS,Passed,F-1-S10,S10
LIMS-66,LIMS-BPO2-2-7-WO-BPO2-2-7-LIMS,SMP-66,BPO2-2-7,Microbiological Testing,99,,WO-BPO2-2-7-LIMS,Passed,F-1-S10,S10
LIMS-67,LIMS-BPO2-2-7-WO-BPO2-2-7-LIMS,SMP-67,BPO2-2-7,Chemical Analysis,84,,WO-BPO2-2-7-LIMS,InProgress,F-1-S10,S10
LIMS-68,LIMS-BPO2-2-7-WO-BPO2-2-7-LIMS,SMP-68,BPO2-2-7,Physical Testing,92,,WO-BPO2-2-7-LIMS,Passed,F-1-S10,S10
LIMS-69,LIMS-BPO2-2-7-WO-BPO2-2-7-LIMS,SMP-69,BPO2-2-7,Environmental Monitoring,96,,WO-BPO2-2-7-LIMS,Passed,F-1-S10,S10
LIMS-70,LIMS-BPO2-2-7-WO-BPO2-2-7-LIMS,SMP-70,BPO2-2-7,Stability Testing,89,,WO-BPO2-2-7-LIMS,InProgress,F-1-S10,S10
LIMS-71,LIMS-BPO2-2-8-WO-BPO2-2-8-LIMS,SMP-71,BPO2-2-8,Microbiological Testing,92,,WO-BPO2-2-8-LIMS,Passed,F-1-S10,S10
LIMS-72,LIMS-BPO2-2-8-WO-BPO2-2-8-LIMS,SMP-72,BPO2-2-8,Chemical Analysis,84,,WO-BPO2-2-8-LIMS,InProgress,F-1-S10,S10
LIMS-73,LIMS-BPO2-2-8-WO-BPO2-2-8-LIMS,SMP-73,BPO2-2-8,Physical Testing,100,,WO-BPO2-2-8-LIMS,Passed,F-1-S10,S10
LIMS-74,LIMS-BPO2-2-8-WO-BPO2-2-8-LIMS,SMP-74,BPO2-2-8,Environmental Monitoring,84,,WO-BPO2-2-8-LIMS,InProgress,F-1-S10,S10
LIMS-75,LIMS-BPO2-2-8-WO-BPO2-2-8-LIMS,SMP-75,BPO2-2-8,Stability Testing,92,,WO-BPO2-2-8-LIMS,Passed,F-1-S10,S10
LIMS-76,LIMS-BPO2-2-9-WO-BPO2-2-9-LIMS,SMP-76,BPO2-2-9,Microbiological Testing,95,,WO-BPO2-2-9-LIMS,Passed,F-1-S10,S10
LIMS-77,LIMS-BPO2-2-9-WO-BPO2-2-9-LIMS,SMP-77,BPO2-2-9,Chemical Analysis,98,,WO-BPO2-2-9-LIMS,Passed,F-1-S10,S10
LIMS-78,LIMS-BPO2-2-9-WO-BPO2-2-9-LIMS,SMP-78,BPO2-2-9,Physical Testing,97,,WO-BPO2-2-9-LIMS,Passed,F-1-S10,S10
LIMS-79,LIMS-BPO2-2-9-WO-BPO2-2-9-LIMS,SMP-79,BPO2-2-9,Environmental Monitoring,91,,WO-BPO2-2-9-LIMS,Passed,F-1-S10,S10
LIMS-80,LIMS-BPO2-2-9-WO-BPO2-2-9-LIMS,SMP-80,BPO2-2-9,Stability Testing,96,,WO-BPO2-2-9-LIMS,Passed,F-1-S10,S10
LIMS-81,LIMS-BPO2-2-10-WO-BPO2-2-10-LIMS,SMP-81,BPO2-2-10,Microbiological Testing,95,,WO-BPO2-2-10-LIMS,Passed,F-1-S10,S10
LIMS-82,LIMS-BPO2-2-10-WO-BPO2-2-10-LIMS,SMP-82,BPO2-2-10,Chemical Analysis,91,,WO-BPO2-2-10-LIMS,Passed,F-1-S10,S10
LIMS-83,LIMS-BPO2-2-10-WO-BPO2-2-10-LIMS,SMP-83,BPO2-2-10,Physical Testing,91,,WO-BPO2-2-10-LIMS,Passed,F-1-S10,S10
LIMS-84,LIMS-BPO2-2-10-WO-BPO2-2-10-LIMS,SMP-84,BPO2-2-10,Environmental Monitoring,88,,WO-BPO2-2-10-LIMS,InProgress,F-1-S10,S10
LIMS-85,LIMS-BPO2-2-10-WO-BPO2-2-10-LIMS,SMP-85,BPO2-2-10,Stability Testing,81,,WO-BPO2-2-10-LIMS,InProgress,F-1-S10,S10
LIMS-86,LIMS-BPO2-2-11-WO-BPO2-2-11-LIMS,SMP-86,BPO2-2-11,Microbiological Testing,91,,WO-BPO2-2-11-LIMS,Passed,F-1-S10,S10
LIMS-87,LIMS-BPO2-2-11-WO-BPO2-2-11-LIMS,SMP-87,BPO2-2-11,Chemical Analysis,92,,WO-BPO2-2-11-LIMS,Passed,F-1-S10,S10
LIMS-88,LIMS-BPO2-2-11-WO-BPO2-2-11-LIMS,SMP-88,BPO2-2-11,Physical Testing,99,,WO-BPO2-2-11-LIMS,Passed,F-1-S10,S10
LIMS-89,LIMS-BPO2-2-11-WO-BPO2-2-11-LIMS,SMP-89,BPO2-2-11,Environmental Monitoring,95,,WO-BPO2-2-11-LIMS,Passed,F-1-S10,S10
LIMS-90,LIMS-BPO2-2-11-WO-BPO2-2-11-LIMS,SMP-90,BPO2-2-11,Stability Testing,91,,WO-BPO2-2-11-LIMS,Passed,F-1-S10,S10
LIMS-91,LIMS-BPO2-2-12-WO-BPO2-2-12-LIMS,SMP-91,BPO2-2-12,Microbiological Testing,97,,WO-BPO2-2-12-LIMS,Passed,F-1-S10,S10
LIMS-92,LIMS-BPO2-2-12-WO-BPO2-2-12-LIMS,SMP-92,BPO2-2-12,Chemical Analysis,81,,WO-BPO2-2-12-LIMS,InProgress,F-1-S10,S10
LIMS-93,LIMS-BPO2-2-12-WO-BPO2-2-12-LIMS,SMP-93,BPO2-2-12,Physical Testing,98,,WO-BPO2-2-12-LIMS,Passed,F-1-S10,S10
LIMS-94,LIMS-BPO2-2-12-WO-BPO2-2-12-LIMS,SMP-94,BPO2-2-12,Environmental Monitoring,99,,WO-BPO2-2-12-LIMS,Passed,F-1-S10,S10
LIMS-95,LIMS-BPO2-2-12-WO-BPO2-2-12-LIMS,SMP-95,BPO2-2-12,Stability Testing,92,,WO-BPO2-2-12-LIMS,Passed,F-1-S10,S10
LIMS-96,LIMS-BPO3-3-1-WO-BPO3-3-1-LIMS,SMP-96,BPO3-3-1,Microbiological Testing,93,,WO-BPO3-3-1-LIMS,Passed,F-1-S8,S8
LIMS-97,LIMS-BPO3-3-1-WO-BPO3-3-1-LIMS,SMP-97,BPO3-3-1,Chemical Analysis,84,,WO-BPO3-3-1-LIMS,InProgress,F-1-S8,S8
LIMS-98,LIMS-BPO3-3-1-WO-BPO3-3-1-LIMS,SMP-98,BPO3-3-1,Physical Testing,99,,WO-BPO3-3-1-LIMS,Passed,F-1-S8,S8
LIMS-99,LIMS-BPO3-3-1-WO-BPO3-3-1-LIMS,SMP-99,BPO3-3-1,Environmental Monitoring,98,,WO-BPO3-3-1-LIMS,Passed,F-1-S8,S8
LIMS-100,LIMS-BPO3-3-1-WO-BPO3-3-1-LIMS,SMP-100,BPO3-3-1,Stability Testing,92,,WO-BPO3-3-1-LIMS,Passed,F-1-S8,S8
LIMS-101,LIMS-BPO3-3-2-WO-BPO3-3-2-LIMS,SMP-101,BPO3-3-2,Microbiological Testing,100,,WO-BPO3-3-2-LIMS,Passed,F-1-S8,S8
LIMS-102,LIMS-BPO3-3-2-WO-BPO3-3-2-LIMS,SMP-102,BPO3-3-2,Chemical Analysis,83,,WO-BPO3-3-2-LIMS,InProgress,F-1-S8,S8
LIMS-103,LIMS-BPO3-3-2-WO-BPO3-3-2-LIMS,SMP-103,BPO3-3-2,Physical Testing,94,,WO-BPO3-3-2-LIMS,Passed,F-1-S8,S8
LIMS-104,LIMS-BPO3-3-2-WO-BPO3-3-2-LIMS,SMP-104,BPO3-3-2,Environmental Monitoring,94,,WO-BPO3-3-2-LIMS,Passed,F-1-S8,S8
LIMS-105,LIMS-BPO3-3-2-WO-BPO3-3-2-LIMS,SMP-105,BPO3-3-2,Stability Testing,95,,WO-BPO3-3-2-LIMS,Passed,F-1-S8,S8
LIMS-106,LIMS-BPO3-3-3-WO-BPO3-3-3-LIMS,SMP-106,BPO3-3-3,Microbiological Testing,93,,WO-BPO3-3-3-LIMS,Passed,F-1-S8,S8
LIMS-107,LIMS-BPO3-3-3-WO-BPO3-3-3-LIMS,SMP-107,BPO3-3-3,Chemical Analysis,94,,WO-BPO3-3-3-LIMS,Passed,F-1-S8,S8
LIMS-108,LIMS-BPO3-3-3-WO-BPO3-3-3-LIMS,SMP-108,BPO3-3-3,Physical Testing,85,,WO-BPO3-3-3-LIMS,InProgress,F-1-S8,S8
LIMS-109,LIMS-BPO3-3-3-WO-BPO3-3-3-LIMS,SMP-109,BPO3-3-3,Environmental Monitoring,92,,WO-BPO3-3-3-LIMS,Passed,F-1-S8,S8
LIMS-110,LIMS-BPO3-3-3-WO-BPO3-3-3-LIMS,SMP-110,BPO3-3-3,Stability Testing,95,,WO-BPO3-3-3-LIMS,Passed,F-1-S8,S8
LIMS-111,LIMS-BPO3-3-4-WO-BPO3-3-4-LIMS,SMP-111,BPO3-3-4,Microbiological Testing,91,,WO-BPO3-3-4-LIMS,Passed,F-1-S8,S8
LIMS-112,LIMS-BPO3-3-4-WO-BPO3-3-4-LIMS,SMP-112,BPO3-3-4,Chemical Analysis,92,,WO-BPO3-3-4-LIMS,Passed,F-1-S8,S8
LIMS-113,LIMS-BPO3-3-4-WO-BPO3-3-4-LIMS,SMP-113,BPO3-3-4,Physical Testing,95,,WO-BPO3-3-4-LIMS,Passed,F-1-S8,S8
LIMS-114,LIMS-BPO3-3-4-WO-BPO3-3-4-LIMS,SMP-114,BPO3-3-4,Environmental Monitoring,99,,WO-BPO3-3-4-LIMS,Passed,F-1-S8,S8
LIMS-115,LIMS-BPO3-3-4-WO-BPO3-3-4-LIMS,SMP-115,BPO3-3-4,Stability Testing,93,,WO-BPO3-3-4-LIMS,Passed,F-1-S8,S8
LIMS-116,LIMS-BPO3-3-5-WO-BPO3-3-5-LIMS,SMP-116,BPO3-3-5,Microbiological Testing,95,,WO-BPO3-3-5-LIMS,Passed,F-1-S8,S8
LIMS-117,LIMS-BPO3-3-5-WO-BPO3-3-5-LIMS,SMP-117,BPO3-3-5,Chemical Analysis,97,,WO-BPO3-3-5-LIMS,Passed,F-1-S8,S8
LIMS-118,LIMS-BPO3-3-5-WO-BPO3-3-5-LIMS,SMP-118,BPO3-3-5,Physical Testing,98,,WO-BPO3-3-5-LIMS,Passed,F-1-S8,S8
LIMS-119,LIMS-BPO3-3-5-WO-BPO3-3-5-LIMS,SMP-119,BPO3-3-5,Environmental Monitoring,93,,WO-BPO3-3-5-LIMS,Passed,F-1-S8,S8
LIMS-120,LIMS-BPO3-3-5-WO-BPO3-3-5-LIMS,SMP-120,BPO3-3-5,Stability Testing,99,,WO-BPO3-3-5-LIMS,Passed,F-1-S8,S8
LIMS-121,LIMS-BPO3-3-6-WO-BPO3-3-6-LIMS,SMP-121,BPO3-3-6,Microbiological Testing,99,,WO-BPO3-3-6-LIMS,Passed,F-1-S8,S8
LIMS-122,LIMS-BPO3-3-6-WO-BPO3-3-6-LIMS,SMP-122,BPO3-3-6,Chemical Analysis,94,,WO-BPO3-3-6-LIMS,Passed,F-1-S8,S8
LIMS-123,LIMS-BPO3-3-6-WO-BPO3-3-6-LIMS,SMP-123,BPO3-3-6,Physical Testing,97,,WO-BPO3-3-6-LIMS,Passed,F-1-S8,S8
LIMS-124,LIMS-BPO3-3-6-WO-BPO3-3-6-LIMS,SMP-124,BPO3-3-6,Environmental Monitoring,95,,WO-BPO3-3-6-LIMS,Passed,F-1-S8,S8
LIMS-125,LIMS-BPO3-3-6-WO-BPO3-3-6-LIMS,SMP-125,BPO3-3-6,Stability Testing,95,,WO-BPO3-3-6-LIMS,Passed,F-1-S8,S8
LIMS-126,LIMS-BPO3-3-7-WO-BPO3-3-7-LIMS,SMP-126,BPO3-3-7,Microbiological Testing,92,,WO-BPO3-3-7-LIMS,Passed,F-1-S8,S8
LIMS-127,LIMS-BPO3-3-7-WO-BPO3-3-7-LIMS,SMP-127,BPO3-3-7,Chemical Analysis,93,,WO-BPO3-3-7-LIMS,Passed,F-1-S8,S8
LIMS-128,LIMS-BPO3-3-7-WO-BPO3-3-7-LIMS,SMP-128,BPO3-3-7,Physical Testing,93,,WO-BPO3-3-7-LIMS,Passed,F-1-S8,S8
LIMS-129,LIMS-BPO3-3-7-WO-BPO3-3-7-LIMS,SMP-129,BPO3-3-7,Environmental Monitoring,99,,WO-BPO3-3-7-LIMS,Passed,F-1-S8,S8
LIMS-130,LIMS-BPO3-3-7-WO-BPO3-3-7-LIMS,SMP-130,BPO3-3-7,Stability Testing,93,,WO-BPO3-3-7-LIMS,Passed,F-1-S8,S8
LIMS-131,LIMS-BPO3-3-8-WO-BPO3-3-8-LIMS,SMP-131,BPO3-3-8,Microbiological Testing,93,,WO-BPO3-3-8-LIMS,Passed,F-1-S8,S8
LIMS-132,LIMS-BPO3-3-8-WO-BPO3-3-8-LIMS,SMP-132,BPO3-3-8,Chemical Analysis,97,,WO-BPO3-3-8-LIMS,Passed,F-1-S8,S8
LIMS-133,LIMS-BPO3-3-8-WO-BPO3-3-8-LIMS,SMP-133,BPO3-3-8,Physical Testing,92,,WO-BPO3-3-8-LIMS,Passed,F-1-S8,S8
LIMS-134,LIMS-BPO3-3-8-WO-BPO3-3-8-LIMS,SMP-134,BPO3-3-8,Environmental Monitoring,87,,WO-BPO3-3-8-LIMS,InProgress,F-1-S8,S8
LIMS-135,LIMS-BPO3-3-8-WO-BPO3-3-8-LIMS,SMP-135,BPO3-3-8,Stability Testing,94,,WO-BPO3-3-8-LIMS,Passed,F-1-S8,S8
LIMS-136,LIMS-BPO3-3-9-WO-BPO3-3-9-LIMS,SMP-136,BPO3-3-9,Microbiological Testing,84,,WO-BPO3-3-9-LIMS,InProgress,F-1-S8,S8
LIMS-137,LIMS-BPO3-3-9-WO-BPO3-3-9-LIMS,SMP-137,BPO3-3-9,Chemical Analysis,91,,WO-BPO3-3-9-LIMS,Passed,F-1-S8,S8
LIMS-138,LIMS-BPO3-3-9-WO-BPO3-3-9-LIMS,SMP-138,BPO3-3-9,Physical Testing,91,,WO-BPO3-3-9-LIMS,Passed,F-1-S8,S8
LIMS-139,LIMS-BPO3-3-9-WO-BPO3-3-9-LIMS,SMP-139,BPO3-3-9,Environmental Monitoring,95,,WO-BPO3-3-9-LIMS,Passed,F-1-S8,S8
LIMS-140,LIMS-BPO3-3-9-WO-BPO3-3-9-LIMS,SMP-140,BPO3-3-9,Stability Testing,95,,WO-BPO3-3-9-LIMS,Passed,F-1-S8,S8
LIMS-141,LIMS-BPO4-4-1-WO-BPO4-4-1-LIMS,SMP-141,BPO4-4-1,Microbiological Testing,91,,WO-BPO4-4-1-LIMS,Passed,F-1-S4,S4
LIMS-142,LIMS-BPO4-4-1-WO-BPO4-4-1-LIMS,SMP-142,BPO4-4-1,Chemical Analysis,99,,WO-BPO4-4-1-LIMS,Passed,F-1-S4,S4
LIMS-143,LIMS-BPO4-4-1-WO-BPO4-4-1-LIMS,SMP-143,BPO4-4-1,Physical Testing,92,,WO-BPO4-4-1-LIMS,Passed,F-1-S4,S4
LIMS-144,LIMS-BPO4-4-1-WO-BPO4-4-1-LIMS,SMP-144,BPO4-4-1,Environmental Monitoring,98,,WO-BPO4-4-1-LIMS,Passed,F-1-S4,S4
LIMS-145,LIMS-BPO4-4-1-WO-BPO4-4-1-LIMS,SMP-145,BPO4-4-1,Stability Testing,91,,WO-BPO4-4-1-LIMS,Passed,F-1-S4,S4
LIMS-146,LIMS-BPO4-4-2-WO-BPO4-4-2-LIMS,SMP-146,BPO4-4-2,Microbiological Testing,96,,WO-BPO4-4-2-LIMS,Passed,F-1-S4,S4
LIMS-147,LIMS-BPO4-4-2-WO-BPO4-4-2-LIMS,SMP-147,BPO4-4-2,Chemical Analysis,83,,WO-BPO4-4-2-LIMS,InProgress,F-1-S4,S4
LIMS-148,LIMS-BPO4-4-2-WO-BPO4-4-2-LIMS,SMP-148,BPO4-4-2,Physical Testing,93,,WO-BPO4-4-2-LIMS,Passed,F-1-S4,S4
LIMS-149,LIMS-BPO4-4-2-WO-BPO4-4-2-LIMS,SMP-149,BPO4-4-2,Environmental Monitoring,93,,WO-BPO4-4-2-LIMS,Passed,F-1-S4,S4
LIMS-150,LIMS-BPO4-4-2-WO-BPO4-4-2-LIMS,SMP-150,BPO4-4-2,Stability Testing,100,,WO-BPO4-4-2-LIMS,Passed,F-1-S4,S4
LIMS-151,LIMS-BPO4-4-3-WO-BPO4-4-3-LIMS,SMP-151,BPO4-4-3,Microbiological Testing,98,,WO-BPO4-4-3-LIMS,Passed,F-1-S4,S4
LIMS-152,LIMS-BPO4-4-3-WO-BPO4-4-3-LIMS,SMP-152,BPO4-4-3,Chemical Analysis,93,,WO-BPO4-4-3-LIMS,Passed,F-1-S4,S4
LIMS-153,LIMS-BPO4-4-3-WO-BPO4-4-3-LIMS,SMP-153,BPO4-4-3,Physical Testing,99,,WO-BPO4-4-3-LIMS,Passed,F-1-S4,S4
LIMS-154,LIMS-BPO4-4-3-WO-BPO4-4-3-LIMS,SMP-154,BPO4-4-3,Environmental Monitoring,92,,WO-BPO4-4-3-LIMS,Passed,F-1-S4,S4
LIMS-155,LIMS-BPO4-4-3-WO-BPO4-4-3-LIMS,SMP-155,BPO4-4-3,Stability Testing,99,,WO-BPO4-4-3-LIMS,Passed,F-1-S4,S4
LIMS-156,LIMS-BPO4-4-4-WO-BPO4-4-4-LIMS,SMP-156,BPO4-4-4,Microbiological Testing,93,,WO-BPO4-4-4-LIMS,Passed,F-1-S4,S4
LIMS-157,LIMS-BPO4-4-4-WO-BPO4-4-4-LIMS,SMP-157,BPO4-4-4,Chemical Analysis,99,,WO-BPO4-4-4-LIMS,Passed,F-1-S4,S4
LIMS-158,LIMS-BPO4-4-4-WO-BPO4-4-4-LIMS,SMP-158,BPO4-4-4,Physical Testing,99,,WO-BPO4-4-4-LIMS,Passed,F-1-S4,S4
LIMS-159,LIMS-BPO4-4-4-WO-BPO4-4-4-LIMS,SMP-159,BPO4-4-4,Environmental Monitoring,100,,WO-BPO4-4-4-LIMS,Passed,F-1-S4,S4
LIMS-160,LIMS-BPO4-4-4-WO-BPO4-4-4-LIMS,SMP-160,BPO4-4-4,Stability Testing,93,,WO-BPO4-4-4-LIMS,Passed,F-1-S4,S4
LIMS-161,LIMS-BPO4-4-5-WO-BPO4-4-5-LIMS,SMP-161,BPO4-4-5,Microbiological Testing,99,,WO-BPO4-4-5-LIMS,Passed,F-1-S4,S4
LIMS-162,LIMS-BPO4-4-5-WO-BPO4-4-5-LIMS,SMP-162,BPO4-4-5,Chemical Analysis,98,,WO-BPO4-4-5-LIMS,Passed,F-1-S4,S4
LIMS-163,LIMS-BPO4-4-5-WO-BPO4-4-5-LIMS,SMP-163,BPO4-4-5,Physical Testing,100,,WO-BPO4-4-5-LIMS,Passed,F-1-S4,S4
LIMS-164,LIMS-BPO4-4-5-WO-BPO4-4-5-LIMS,SMP-164,BPO4-4-5,Environmental Monitoring,68,,WO-BPO4-4-5-LIMS,Failed,F-1-S4,S4
LIMS-165,LIMS-BPO4-4-5-WO-BPO4-4-5-LIMS,SMP-165,BPO4-4-5,Stability Testing,97,,WO-BPO4-4-5-LIMS,Passed,F-1-S4,S4
LIMS-166,LIMS-BPO4-4-6-WO-BPO4-4-6-LIMS,SMP-166,BPO4-4-6,Microbiological Testing,91,,WO-BPO4-4-6-LIMS,Passed,F-1-S4,S4
LIMS-167,LIMS-BPO4-4-6-WO-BPO4-4-6-LIMS,SMP-167,BPO4-4-6,Chemical Analysis,100,,WO-BPO4-4-6-LIMS,Passed,F-1-S4,S4
LIMS-168,LIMS-BPO4-4-6-WO-BPO4-4-6-LIMS,SMP-168,BPO4-4-6,Physical Testing,93,,WO-BPO4-4-6-LIMS,Passed,F-1-S4,S4
LIMS-169,LIMS-BPO4-4-6-WO-BPO4-4-6-LIMS,SMP-169,BPO4-4-6,Environmental Monitoring,98,,WO-BPO4-4-6-LIMS,Passed,F-1-S4,S4
LIMS-170,LIMS-BPO4-4-6-WO-BPO4-4-6-LIMS,SMP-170,BPO4-4-6,Stability Testing,96,,WO-BPO4-4-6-LIMS,Passed,F-1-S4,S4
LIMS-171,LIMS-BPO4-4-7-WO-BPO4-4-7-LIMS,SMP-171,BPO4-4-7,Microbiological Testing,97,,WO-BPO4-4-7-LIMS,Passed,F-1-S4,S4
LIMS-172,LIMS-BPO4-4-7-WO-BPO4-4-7-LIMS,SMP-172,BPO4-4-7,Chemical Analysis,99,,WO-BPO4-4-7-LIMS,Passed,F-1-S4,S4
LIMS-173,LIMS-BPO4-4-7-WO-BPO4-4-7-LIMS,SMP-173,BPO4-4-7,Physical Testing,95,,WO-BPO4-4-7-LIMS,Passed,F-1-S4,S4
LIMS-174,LIMS-BPO4-4-7-WO-BPO4-4-7-LIMS,SMP-174,BPO4-4-7,Environmental Monitoring,75,,WO-BPO4-4-7-LIMS,Failed,F-1-S4,S4
LIMS-175,LIMS-BPO4-4-7-WO-BPO4-4-7-LIMS,SMP-175,BPO4-4-7,Stability Testing,92,,WO-BPO4-4-7-LIMS,Passed,F-1-S4,S4
LIMS-176,LIMS-BPO5-5-1-WO-BPO5-5-1-LIMS,SMP-176,BPO5-5-1,Microbiological Testing,94,,WO-BPO5-5-1-LIMS,Passed,F-1-S9,S9
LIMS-177,LIMS-BPO5-5-1-WO-BPO5-5-1-LIMS,SMP-177,BPO5-5-1,Chemical Analysis,95,,WO-BPO5-5-1-LIMS,Passed,F-1-S9,S9
LIMS-178,LIMS-BPO5-5-1-WO-BPO5-5-1-LIMS,SMP-178,BPO5-5-1,Physical Testing,94,,WO-BPO5-5-1-LIMS,Passed,F-1-S9,S9
LIMS-179,LIMS-BPO5-5-1-WO-BPO5-5-1-LIMS,SMP-179,BPO5-5-1,Environmental Monitoring,64,,WO-BPO5-5-1-LIMS,Failed,F-1-S9,S9
LIMS-180,LIMS-BPO5-5-1-WO-BPO5-5-1-LIMS,SMP-180,BPO5-5-1,Stability Testing,96,,WO-BPO5-5-1-LIMS,Passed,F-1-S9,S9
LIMS-181,LIMS-BPO5-5-2-WO-BPO5-5-2-LIMS,SMP-181,BPO5-5-2,Microbiological Testing,93,,WO-BPO5-5-2-LIMS,Passed,F-1-S9,S9
LIMS-182,LIMS-BPO5-5-2-WO-BPO5-5-2-LIMS,SMP-182,BPO5-5-2,Chemical Analysis,92,,WO-BPO5-5-2-LIMS,Passed,F-1-S9,S9
LIMS-183,LIMS-BPO5-5-2-WO-BPO5-5-2-LIMS,SMP-183,BPO5-5-2,Physical Testing,95,,WO-BPO5-5-2-LIMS,Passed,F-1-S9,S9
LIMS-184,LIMS-BPO5-5-2-WO-BPO5-5-2-LIMS,SMP-184,BPO5-5-2,Environmental Monitoring,98,,WO-BPO5-5-2-LIMS,Passed,F-1-S9,S9
LIMS-185,LIMS-BPO5-5-2-WO-BPO5-5-2-LIMS,SMP-185,BPO5-5-2,Stability Testing,94,,WO-BPO5-5-2-LIMS,Passed,F-1-S9,S9
LIMS-186,LIMS-BPO5-5-3-WO-BPO5-5-3-LIMS,SMP-186,BPO5-5-3,Microbiological Testing,96,,WO-BPO5-5-3-LIMS,Passed,F-1-S9,S9
LIMS-187,LIMS-BPO5-5-3-WO-BPO5-5-3-LIMS,SMP-187,BPO5-5-3,Chemical Analysis,93,,WO-BPO5-5-3-LIMS,Passed,F-1-S9,S9
LIMS-188,LIMS-BPO5-5-3-WO-BPO5-5-3-LIMS,SMP-188,BPO5-5-3,Physical Testing,93,,WO-BPO5-5-3-LIMS,Passed,F-1-S9,S9
LIMS-189,LIMS-BPO5-5-3-WO-BPO5-5-3-LIMS,SMP-189,BPO5-5-3,Environmental Monitoring,92,,WO-BPO5-5-3-LIMS,Passed,F-1-S9,S9
LIMS-190,LIMS-BPO5-5-3-WO-BPO5-5-3-LIMS,SMP-190,BPO5-5-3,Stability Testing,95,,WO-BPO5-5-3-LIMS,Passed,F-1-S9,S9
LIMS-191,LIMS-BPO5-5-4-WO-BPO5-5-4-LIMS,SMP-191,BPO5-5-4,Microbiological Testing,97,,WO-BPO5-5-4-LIMS,Passed,F-1-S9,S9
LIMS-192,LIMS-BPO5-5-4-WO-BPO5-5-4-LIMS,SMP-192,BPO5-5-4,Chemical Analysis,91,,WO-BPO5-5-4-LIMS,Passed,F-1-S9,S9
LIMS-193,LIMS-BPO5-5-4-WO-BPO5-5-4-LIMS,SMP-193,BPO5-5-4,Physical Testing,98,,WO-BPO5-5-4-LIMS,Passed,F-1-S9,S9
LIMS-194,LIMS-BPO5-5-4-WO-BPO5-5-4-LIMS,SMP-194,BPO5-5-4,Environmental Monitoring,98,,WO-BPO5-5-4-LIMS,Passed,F-1-S9,S9
LIMS-195,LIMS-BPO5-5-4-WO-BPO5-5-4-LIMS,SMP-195,BPO5-5-4,Stability Testing,95,,WO-BPO5-5-4-LIMS,Passed,F-1-S9,S9
LIMS-196,LIMS-BPO5-5-5-WO-BPO5-5-5-LIMS,SMP-196,BPO5-5-5,Microbiological Testing,72,,WO-BPO5-5-5-LIMS,Failed,F-1-S9,S9
LIMS-197,LIMS-BPO5-5-5-WO-BPO5-5-5-LIMS,SMP-197,BPO5-5-5,Chemical Analysis,98,,WO-BPO5-5-5-LIMS,Passed,F-1-S9,S9
LIMS-198,LIMS-BPO5-5-5-WO-BPO5-5-5-LIMS,SMP-198,BPO5-5-5,Physical Testing,83,,WO-BPO5-5-5-LIMS,InProgress,F-1-S9,S9
LIMS-199,LIMS-BPO5-5-5-WO-BPO5-5-5-LIMS,SMP-199,BPO5-5-5,Environmental Monitoring,92,,WO-BPO5-5-5-LIMS,Passed,F-1-S9,S9
LIMS-200,LIMS-BPO5-5-5-WO-BPO5-5-5-LIMS,SMP-200,BPO5-5-5,Stability Testing,85,,WO-BPO5-5-5-LIMS,InProgress,F-1-S9,S9
LIMS-201,LIMS-BPO5-5-6-WO-BPO5-5-6-LIMS,SMP-201,BPO5-5-6,Microbiological Testing,96,,WO-BPO5-5-6-LIMS,Passed,F-1-S9,S9
LIMS-202,LIMS-BPO5-5-6-WO-BPO5-5-6-LIMS,SMP-202,BPO5-5-6,Chemical Analysis,92,,WO-BPO5-5-6-LIMS,Passed,F-1-S9,S9
LIMS-203,LIMS-BPO5-5-6-WO-BPO5-5-6-LIMS,SMP-203,BPO5-5-6,Physical Testing,94,,WO-BPO5-5-6-LIMS,Passed,F-1-S9,S9
LIMS-204,LIMS-BPO5-5-6-WO-BPO5-5-6-LIMS,SMP-204,BPO5-5-6,Environmental Monitoring,91,,WO-BPO5-5-6-LIMS,Passed,F-1-S9,S9
LIMS-205,LIMS-BPO5-5-6-WO-BPO5-5-6-LIMS,SMP-205,BPO5-5-6,Stability Testing,97,,WO-BPO5-5-6-LIMS,Passed,F-1-S9,S9
LIMS-206,LIMS-BPO6-6-1-WO-BPO6-6-1-LIMS,SMP-206,BPO6-6-1,Microbiological Testing,91,,WO-BPO6-6-1-LIMS,Passed,F-1-S8,S8
LIMS-207,LIMS-BPO6-6-1-WO-BPO6-6-1-LIMS,SMP-207,BPO6-6-1,Chemical Analysis,99,,WO-BPO6-6-1-LIMS,Passed,F-1-S8,S8
LIMS-208,LIMS-BPO6-6-1-WO-BPO6-6-1-LIMS,SMP-208,BPO6-6-1,Physical Testing,93,,WO-BPO6-6-1-LIMS,Passed,F-1-S8,S8
LIMS-209,LIMS-BPO6-6-1-WO-BPO6-6-1-LIMS,SMP-209,BPO6-6-1,Environmental Monitoring,94,,WO-BPO6-6-1-LIMS,Passed,F-1-S8,S8
LIMS-210,LIMS-BPO6-6-1-WO-BPO6-6-1-LIMS,SMP-210,BPO6-6-1,Stability Testing,99,,WO-BPO6-6-1-LIMS,Passed,F-1-S8,S8
LIMS-211,LIMS-BPO6-6-2-WO-BPO6-6-2-LIMS,SMP-211,BPO6-6-2,Microbiological Testing,100,,WO-BPO6-6-2-LIMS,Passed,F-1-S8,S8
LIMS-212,LIMS-BPO6-6-2-WO-BPO6-6-2-LIMS,SMP-212,BPO6-6-2,Chemical Analysis,94,,WO-BPO6-6-2-LIMS,Passed,F-1-S8,S8
LIMS-213,LIMS-BPO6-6-2-WO-BPO6-6-2-LIMS,SMP-213,BPO6-6-2,Physical Testing,91,,WO-BPO6-6-2-LIMS,Passed,F-1-S8,S8
LIMS-214,LIMS-BPO6-6-2-WO-BPO6-6-2-LIMS,SMP-214,BPO6-6-2,Environmental Monitoring,97,,WO-BPO6-6-2-LIMS,Passed,F-1-S8,S8
LIMS-215,LIMS-BPO6-6-2-WO-BPO6-6-2-LIMS,SMP-215,BPO6-6-2,Stability Testing,97,,WO-BPO6-6-2-LIMS,Passed,F-1-S8,S8
LIMS-216,LIMS-BPO6-6-3-WO-BPO6-6-3-LIMS,SMP-216,BPO6-6-3,Microbiological Testing,96,,WO-BPO6-6-3-LIMS,Passed,F-1-S8,S8
LIMS-217,LIMS-BPO6-6-3-WO-BPO6-6-3-LIMS,SMP-217,BPO6-6-3,Chemical Analysis,97,,WO-BPO6-6-3-LIMS,Passed,F-1-S8,S8
LIMS-218,LIMS-BPO6-6-3-WO-BPO6-6-3-LIMS,SMP-218,BPO6-6-3,Physical Testing,96,,WO-BPO6-6-3-LIMS,Passed,F-1-S8,S8
LIMS-219,LIMS-BPO6-6-3-WO-BPO6-6-3-LIMS,SMP-219,BPO6-6-3,Environmental Monitoring,95,,WO-BPO6-6-3-LIMS,Passed,F-1-S8,S8
LIMS-220,LIMS-BPO6-6-3-WO-BPO6-6-3-LIMS,SMP-220,BPO6-6-3,Stability Testing,93,,WO-BPO6-6-3-LIMS,Passed,F-1-S8,S8
LIMS-221,LIMS-BPO6-6-4-WO-BPO6-6-4-LIMS,SMP-221,BPO6-6-4,Microbiological Testing,92,,WO-BPO6-6-4-LIMS,Passed,F-1-S8,S8
LIMS-222,LIMS-BPO6-6-4-WO-BPO6-6-4-LIMS,SMP-222,BPO6-6-4,Chemical Analysis,94,,WO-BPO6-6-4-LIMS,Passed,F-1-S8,S8
LIMS-223,LIMS-BPO6-6-4-WO-BPO6-6-4-LIMS,SMP-223,BPO6-6-4,Physical Testing,100,,WO-BPO6-6-4-LIMS,Passed,F-1-S8,S8
LIMS-224,LIMS-BPO6-6-4-WO-BPO6-6-4-LIMS,SMP-224,BPO6-6-4,Environmental Monitoring,93,,WO-BPO6-6-4-LIMS,Passed,F-1-S8,S8
LIMS-225,LIMS-BPO6-6-4-WO-BPO6-6-4-LIMS,SMP-225,BPO6-6-4,Stability Testing,91,,WO-BPO6-6-4-LIMS,Passed,F-1-S8,S8
LIMS-226,LIMS-BPO6-6-5-WO-BPO6-6-5-LIMS,SMP-226,BPO6-6-5,Microbiological Testing,100,,WO-BPO6-6-5-LIMS,Passed,F-1-S8,S8
LIMS-227,LIMS-BPO6-6-5-WO-BPO6-6-5-LIMS,SMP-227,BPO6-6-5,Chemical Analysis,91,,WO-BPO6-6-5-LIMS,Passed,F-1-S8,S8
LIMS-228,LIMS-BPO6-6-5-WO-BPO6-6-5-LIMS,SMP-228,BPO6-6-5,Physical Testing,96,,WO-BPO6-6-5-LIMS,Passed,F-1-S8,S8
LIMS-229,LIMS-BPO6-6-5-WO-BPO6-6-5-LIMS,SMP-229,BPO6-6-5,Environmental Monitoring,100,,WO-BPO6-6-5-LIMS,Passed,F-1-S8,S8
LIMS-230,LIMS-BPO6-6-5-WO-BPO6-6-5-LIMS,SMP-230,BPO6-6-5,Stability Testing,97,,WO-BPO6-6-5-LIMS,Passed,F-1-S8,S8
LIMS-231,LIMS-BPO6-6-6-WO-BPO6-6-6-LIMS,SMP-231,BPO6-6-6,Microbiological Testing,93,,WO-BPO6-6-6-LIMS,Passed,F-1-S8,S8
LIMS-232,LIMS-BPO6-6-6-WO-BPO6-6-6-LIMS,SMP-232,BPO6-6-6,Chemical Analysis,91,,WO-BPO6-6-6-LIMS,Passed,F-1-S8,S8
LIMS-233,LIMS-BPO6-6-6-WO-BPO6-6-6-LIMS,SMP-233,BPO6-6-6,Physical Testing,95,,WO-BPO6-6-6-LIMS,Passed,F-1-S8,S8
LIMS-234,LIMS-BPO6-6-6-WO-BPO6-6-6-LIMS,SMP-234,BPO6-6-6,Environmental Monitoring,96,,WO-BPO6-6-6-LIMS,Passed,F-1-S8,S8
LIMS-235,LIMS-BPO6-6-6-WO-BPO6-6-6-LIMS,SMP-235,BPO6-6-6,Stability Testing,97,,WO-BPO6-6-6-LIMS,Passed,F-1-S8,S8
LIMS-236,LIMS-BPO6-6-7-WO-BPO6-6-7-LIMS,SMP-236,BPO6-6-7,Microbiological Testing,97,,WO-BPO6-6-7-LIMS,Passed,F-1-S8,S8
LIMS-237,LIMS-BPO6-6-7-WO-BPO6-6-7-LIMS,SMP-237,BPO6-6-7,Chemical Analysis,97,,WO-BPO6-6-7-LIMS,Passed,F-1-S8,S8
LIMS-238,LIMS-BPO6-6-7-WO-BPO6-6-7-LIMS,SMP-238,BPO6-6-7,Physical Testing,95,,WO-BPO6-6-7-LIMS,Passed,F-1-S8,S8
LIMS-239,LIMS-BPO6-6-7-WO-BPO6-6-7-LIMS,SMP-239,BPO6-6-7,Environmental Monitoring,96,,WO-BPO6-6-7-LIMS,Passed,F-1-S8,S8
LIMS-240,LIMS-BPO6-6-7-WO-BPO6-6-7-LIMS,SMP-240,BPO6-6-7,Stability Testing,99,,WO-BPO6-6-7-LIMS,Passed,F-1-S8,S8
LIMS-241,LIMS-BPO6-6-8-WO-BPO6-6-8-LIMS,SMP-241,BPO6-6-8,Microbiological Testing,99,,WO-BPO6-6-8-LIMS,Passed,F-1-S8,S8
LIMS-242,LIMS-BPO6-6-8-WO-BPO6-6-8-LIMS,SMP-242,BPO6-6-8,Chemical Analysis,100,,WO-BPO6-6-8-LIMS,Passed,F-1-S8,S8
LIMS-243,LIMS-BPO6-6-8-WO-BPO6-6-8-LIMS,SMP-243,BPO6-6-8,Physical Testing,96,,WO-BPO6-6-8-LIMS,Passed,F-1-S8,S8
LIMS-244,LIMS-BPO6-6-8-WO-BPO6-6-8-LIMS,SMP-244,BPO6-6-8,Environmental Monitoring,84,,WO-BPO6-6-8-LIMS,InProgress,F-1-S8,S8
LIMS-245,LIMS-BPO6-6-8-WO-BPO6-6-8-LIMS,SMP-245,BPO6-6-8,Stability Testing,93,,WO-BPO6-6-8-LIMS,Passed,F-1-S8,S8
LIMS-246,LIMS-BPO6-6-9-WO-BPO6-6-9-LIMS,SMP-246,BPO6-6-9,Microbiological Testing,67,,WO-BPO6-6-9-LIMS,Failed,F-1-S8,S8
LIMS-247,LIMS-BPO6-6-9-WO-BPO6-6-9-LIMS,SMP-247,BPO6-6-9,Chemical Analysis,76,,WO-BPO6-6-9-LIMS,Failed,F-1-S8,S8
LIMS-248,LIMS-BPO6-6-9-WO-BPO6-6-9-LIMS,SMP-248,BPO6-6-9,Physical Testing,92,,WO-BPO6-6-9-LIMS,Passed,F-1-S8,S8
LIMS-249,LIMS-BPO6-6-9-WO-BPO6-6-9-LIMS,SMP-249,BPO6-6-9,Environmental Monitoring,92,,WO-BPO6-6-9-LIMS,Passed,F-1-S8,S8
LIMS-250,LIMS-BPO6-6-9-WO-BPO6-6-9-LIMS,SMP-250,BPO6-6-9,Stability Testing,100,,WO-BPO6-6-9-LIMS,Passed,F-1-S8,S8
LIMS-251,LIMS-BPO6-6-10-WO-BPO6-6-10-LIMS,SMP-251,BPO6-6-10,Microbiological Testing,91,,WO-BPO6-6-10-LIMS,Passed,F-1-S8,S8
LIMS-252,LIMS-BPO6-6-10-WO-BPO6-6-10-LIMS,SMP-252,BPO6-6-10,Chemical Analysis,99,,WO-BPO6-6-10-LIMS,Passed,F-1-S8,S8
LIMS-253,LIMS-BPO6-6-10-WO-BPO6-6-10-LIMS,SMP-253,BPO6-6-10,Physical Testing,88,,WO-BPO6-6-10-LIMS,InProgress,F-1-S8,S8
LIMS-254,LIMS-BPO6-6-10-WO-BPO6-6-10-LIMS,SMP-254,BPO6-6-10,Environmental Monitoring,96,,WO-BPO6-6-10-LIMS,Passed,F-1-S8,S8
LIMS-255,LIMS-BPO6-6-10-WO-BPO6-6-10-LIMS,SMP-255,BPO6-6-10,Stability Testing,92,,WO-BPO6-6-10-LIMS,Passed,F-1-S8,S8
LIMS-256,LIMS-BPO7-7-1-WO-BPO7-7-1-LIMS,SMP-256,BPO7-7-1,Microbiological Testing,96,,WO-BPO7-7-1-LIMS,Passed,F-1-S9,S9
LIMS-257,LIMS-BPO7-7-1-WO-BPO7-7-1-LIMS,SMP-257,BPO7-7-1,Chemical Analysis,91,,WO-BPO7-7-1-LIMS,Passed,F-1-S9,S9
LIMS-258,LIMS-BPO7-7-1-WO-BPO7-7-1-LIMS,SMP-258,BPO7-7-1,Physical Testing,88,,WO-BPO7-7-1-LIMS,InProgress,F-1-S9,S9
LIMS-259,LIMS-BPO7-7-1-WO-BPO7-7-1-LIMS,SMP-259,BPO7-7-1,Environmental Monitoring,93,,WO-BPO7-7-1-LIMS,Passed,F-1-S9,S9
LIMS-260,LIMS-BPO7-7-1-WO-BPO7-7-1-LIMS,SMP-260,BPO7-7-1,Stability Testing,92,,WO-BPO7-7-1-LIMS,Passed,F-1-S9,S9
LIMS-261,LIMS-BPO7-7-2-WO-BPO7-7-2-LIMS,SMP-261,BPO7-7-2,Microbiological Testing,96,,WO-BPO7-7-2-LIMS,Passed,F-1-S9,S9
LIMS-262,LIMS-BPO7-7-2-WO-BPO7-7-2-LIMS,SMP-262,BPO7-7-2,Chemical Analysis,94,,WO-BPO7-7-2-LIMS,Passed,F-1-S9,S9
LIMS-263,LIMS-BPO7-7-2-WO-BPO7-7-2-LIMS,SMP-263,BPO7-7-2,Physical Testing,92,,WO-BPO7-7-2-LIMS,Passed,F-1-S9,S9
LIMS-264,LIMS-BPO7-7-2-WO-BPO7-7-2-LIMS,SMP-264,BPO7-7-2,Environmental Monitoring,96,,WO-BPO7-7-2-LIMS,Passed,F-1-S9,S9
LIMS-265,LIMS-BPO7-7-2-WO-BPO7-7-2-LIMS,SMP-265,BPO7-7-2,Stability Testing,94,,WO-BPO7-7-2-LIMS,Passed,F-1-S9,S9
LIMS-266,LIMS-BPO7-7-3-WO-BPO7-7-3-LIMS,SMP-266,BPO7-7-3,Microbiological Testing,92,,WO-BPO7-7-3-LIMS,Passed,F-1-S9,S9
LIMS-267,LIMS-BPO7-7-3-WO-BPO7-7-3-LIMS,SMP-267,BPO7-7-3,Chemical Analysis,97,,WO-BPO7-7-3-LIMS,Passed,F-1-S9,S9
LIMS-268,LIMS-BPO7-7-3-WO-BPO7-7-3-LIMS,SMP-268,BPO7-7-3,Physical Testing,92,,WO-BPO7-7-3-LIMS,Passed,F-1-S9,S9
LIMS-269,LIMS-BPO7-7-3-WO-BPO7-7-3-LIMS,SMP-269,BPO7-7-3,Environmental Monitoring,94,,WO-BPO7-7-3-LIMS,Passed,F-1-S9,S9
LIMS-270,LIMS-BPO7-7-3-WO-BPO7-7-3-LIMS,SMP-270,BPO7-7-3,Stability Testing,95,,WO-BPO7-7-3-LIMS,Passed,F-1-S9,S9
LIMS-271,LIMS-BPO7-7-4-WO-BPO7-7-4-LIMS,SMP-271,BPO7-7-4,Microbiological Testing,91,,WO-BPO7-7-4-LIMS,Passed,F-1-S9,S9
LIMS-272,LIMS-BPO7-7-4-WO-BPO7-7-4-LIMS,SMP-272,BPO7-7-4,Chemical Analysis,96,,WO-BPO7-7-4-LIMS,Passed,F-1-S9,S9
LIMS-273,LIMS-BPO7-7-4-WO-BPO7-7-4-LIMS,SMP-273,BPO7-7-4,Physical Testing,98,,WO-BPO7-7-4-LIMS,Passed,F-1-S9,S9
LIMS-274,LIMS-BPO7-7-4-WO-BPO7-7-4-LIMS,SMP-274,BPO7-7-4,Environmental Monitoring,83,,WO-BPO7-7-4-LIMS,InProgress,F-1-S9,S9
LIMS-275,LIMS-BPO7-7-4-WO-BPO7-7-4-LIMS,SMP-275,BPO7-7-4,Stability Testing,95,,WO-BPO7-7-4-LIMS,Passed,F-1-S9,S9
LIMS-276,LIMS-BPO7-7-5-WO-BPO7-7-5-LIMS,SMP-276,BPO7-7-5,Microbiological Testing,95,,WO-BPO7-7-5-LIMS,Passed,F-1-S9,S9
LIMS-277,LIMS-BPO7-7-5-WO-BPO7-7-5-LIMS,SMP-277,BPO7-7-5,Chemical Analysis,94,,WO-BPO7-7-5-LIMS,Passed,F-1-S9,S9
LIMS-278,LIMS-BPO7-7-5-WO-BPO7-7-5-LIMS,SMP-278,BPO7-7-5,Physical Testing,93,,WO-BPO7-7-5-LIMS,Passed,F-1-S9,S9
LIMS-279,LIMS-BPO7-7-5-WO-BPO7-7-5-LIMS,SMP-279,BPO7-7-5,Environmental Monitoring,93,,WO-BPO7-7-5-LIMS,Passed,F-1-S9,S9
LIMS-280,LIMS-BPO7-7-5-WO-BPO7-7-5-LIMS,SMP-280,BPO7-7-5,Stability Testing,92,,WO-BPO7-7-5-LIMS,Passed,F-1-S9,S9
LIMS-281,LIMS-BPO7-7-6-WO-BPO7-7-6-LIMS,SMP-281,BPO7-7-6,Microbiological Testing,91,,WO-BPO7-7-6-LIMS,Passed,F-1-S9,S9
LIMS-282,LIMS-BPO7-7-6-WO-BPO7-7-6-LIMS,SMP-282,BPO7-7-6,Chemical Analysis,98,,WO-BPO7-7-6-LIMS,Passed,F-1-S9,S9
LIMS-283,LIMS-BPO7-7-6-WO-BPO7-7-6-LIMS,SMP-283,BPO7-7-6,Physical Testing,93,,WO-BPO7-7-6-LIMS,Passed,F-1-S9,S9
LIMS-284,LIMS-BPO7-7-6-WO-BPO7-7-6-LIMS,SMP-284,BPO7-7-6,Environmental Monitoring,95,,WO-BPO7-7-6-LIMS,Passed,F-1-S9,S9
LIMS-285,LIMS-BPO7-7-6-WO-BPO7-7-6-LIMS,SMP-285,BPO7-7-6,Stability Testing,97,,WO-BPO7-7-6-LIMS,Passed,F-1-S9,S9
LIMS-286,LIMS-BPO7-7-7-WO-BPO7-7-7-LIMS,SMP-286,BPO7-7-7,Microbiological Testing,93,,WO-BPO7-7-7-LIMS,Passed,F-1-S9,S9
LIMS-287,LIMS-BPO7-7-7-WO-BPO7-7-7-LIMS,SMP-287,BPO7-7-7,Chemical Analysis,94,,WO-BPO7-7-7-LIMS,Passed,F-1-S9,S9
LIMS-288,LIMS-BPO7-7-7-WO-BPO7-7-7-LIMS,SMP-288,BPO7-7-7,Physical Testing,100,,WO-BPO7-7-7-LIMS,Passed,F-1-S9,S9
LIMS-289,LIMS-BPO7-7-7-WO-BPO7-7-7-LIMS,SMP-289,BPO7-7-7,Environmental Monitoring,96,,WO-BPO7-7-7-LIMS,Passed,F-1-S9,S9
LIMS-290,LIMS-BPO7-7-7-WO-BPO7-7-7-LIMS,SMP-290,BPO7-7-7,Stability Testing,96,,WO-BPO7-7-7-LIMS,Passed,F-1-S9,S9
LIMS-291,LIMS-BPO7-7-8-WO-BPO7-7-8-LIMS,SMP-291,BPO7-7-8,Microbiological Testing,100,,WO-BPO7-7-8-LIMS,Passed,F-1-S9,S9
LIMS-292,LIMS-BPO7-7-8-WO-BPO7-7-8-LIMS,SMP-292,BPO7-7-8,Chemical Analysis,96,,WO-BPO7-7-8-LIMS,Passed,F-1-S9,S9
LIMS-293,LIMS-BPO7-7-8-WO-BPO7-7-8-LIMS,SMP-293,BPO7-7-8,Physical Testing,93,,WO-BPO7-7-8-LIMS,Passed,F-1-S9,S9
LIMS-294,LIMS-BPO7-7-8-WO-BPO7-7-8-LIMS,SMP-294,BPO7-7-8,Environmental Monitoring,92,,WO-BPO7-7-8-LIMS,Passed,F-1-S9,S9
LIMS-295,LIMS-BPO7-7-8-WO-BPO7-7-8-LIMS,SMP-295,BPO7-7-8,Stability Testing,92,,WO-BPO7-7-8-LIMS,Passed,F-1-S9,S9
LIMS-296,LIMS-BPO7-7-9-WO-BPO7-7-9-LIMS,SMP-296,BPO7-7-9,Microbiological Testing,91,,WO-BPO7-7-9-LIMS,Passed,F-1-S9,S9
LIMS-297,LIMS-BPO7-7-9-WO-BPO7-7-9-LIMS,SMP-297,BPO7-7-9,Chemical Analysis,95,,WO-BPO7-7-9-LIMS,Passed,F-1-S9,S9
LIMS-298,LIMS-BPO7-7-9-WO-BPO7-7-9-LIMS,SMP-298,BPO7-7-9,Physical Testing,98,,WO-BPO7-7-9-LIMS,Passed,F-1-S9,S9
LIMS-299,LIMS-BPO7-7-9-WO-BPO7-7-9-LIMS,SMP-299,BPO7-7-9,Environmental Monitoring,96,,WO-BPO7-7-9-LIMS,Passed,F-1-S9,S9
LIMS-300,LIMS-BPO7-7-9-WO-BPO7-7-9-LIMS,SMP-300,BPO7-7-9,Stability Testing,96,,WO-BPO7-7-9-LIMS,Passed,F-1-S9,S9
LIMS-301,LIMS-BPO8-8-1-WO-BPO8-8-1-LIMS,SMP-301,BPO8-8-1,Microbiological Testing,87,,WO-BPO8-8-1-LIMS,InProgress,F-1-S5,S5
LIMS-302,LIMS-BPO8-8-1-WO-BPO8-8-1-LIMS,SMP-302,BPO8-8-1,Chemical Analysis,91,,WO-BPO8-8-1-LIMS,Passed,F-1-S5,S5
LIMS-303,LIMS-BPO8-8-1-WO-BPO8-8-1-LIMS,SMP-303,BPO8-8-1,Physical Testing,100,,WO-BPO8-8-1-LIMS,Passed,F-1-S5,S5
LIMS-304,LIMS-BPO8-8-1-WO-BPO8-8-1-LIMS,SMP-304,BPO8-8-1,Environmental Monitoring,97,,WO-BPO8-8-1-LIMS,Passed,F-1-S5,S5
LIMS-305,LIMS-BPO8-8-1-WO-BPO8-8-1-LIMS,SMP-305,BPO8-8-1,Stability Testing,96,,WO-BPO8-8-1-LIMS,Passed,F-1-S5,S5
LIMS-306,LIMS-BPO8-8-2-WO-BPO8-8-2-LIMS,SMP-306,BPO8-8-2,Microbiological Testing,97,,WO-BPO8-8-2-LIMS,Passed,F-1-S5,S5
LIMS-307,LIMS-BPO8-8-2-WO-BPO8-8-2-LIMS,SMP-307,BPO8-8-2,Chemical Analysis,91,,WO-BPO8-8-2-LIMS,Passed,F-1-S5,S5
LIMS-308,LIMS-BPO8-8-2-WO-BPO8-8-2-LIMS,SMP-308,BPO8-8-2,Physical Testing,81,,WO-BPO8-8-2-LIMS,InProgress,F-1-S5,S5
LIMS-309,LIMS-BPO8-8-2-WO-BPO8-8-2-LIMS,SMP-309,BPO8-8-2,Environmental Monitoring,97,,WO-BPO8-8-2-LIMS,Passed,F-1-S5,S5
LIMS-310,LIMS-BPO8-8-2-WO-BPO8-8-2-LIMS,SMP-310,BPO8-8-2,Stability Testing,98,,WO-BPO8-8-2-LIMS,Passed,F-1-S5,S5
LIMS-311,LIMS-BPO8-8-3-WO-BPO8-8-3-LIMS,SMP-311,BPO8-8-3,Microbiological Testing,93,,WO-BPO8-8-3-LIMS,Passed,F-1-S5,S5
LIMS-312,LIMS-BPO8-8-3-WO-BPO8-8-3-LIMS,SMP-312,BPO8-8-3,Chemical Analysis,100,,WO-BPO8-8-3-LIMS,Passed,F-1-S5,S5
LIMS-313,LIMS-BPO8-8-3-WO-BPO8-8-3-LIMS,SMP-313,BPO8-8-3,Physical Testing,100,,WO-BPO8-8-3-LIMS,Passed,F-1-S5,S5
LIMS-314,LIMS-BPO8-8-3-WO-BPO8-8-3-LIMS,SMP-314,BPO8-8-3,Environmental Monitoring,99,,WO-BPO8-8-3-LIMS,Passed,F-1-S5,S5
LIMS-315,LIMS-BPO8-8-3-WO-BPO8-8-3-LIMS,SMP-315,BPO8-8-3,Stability Testing,98,,WO-BPO8-8-3-LIMS,Passed,F-1-S5,S5
LIMS-316,LIMS-BPO8-8-4-WO-BPO8-8-4-LIMS,SMP-316,BPO8-8-4,Microbiological Testing,93,,WO-BPO8-8-4-LIMS,Passed,F-1-S5,S5
LIMS-317,LIMS-BPO8-8-4-WO-BPO8-8-4-LIMS,SMP-317,BPO8-8-4,Chemical Analysis,94,,WO-BPO8-8-4-LIMS,Passed,F-1-S5,S5
LIMS-318,LIMS-BPO8-8-4-WO-BPO8-8-4-LIMS,SMP-318,BPO8-8-4,Physical Testing,92,,WO-BPO8-8-4-LIMS,Passed,F-1-S5,S5
LIMS-319,LIMS-BPO8-8-4-WO-BPO8-8-4-LIMS,SMP-319,BPO8-8-4,Environmental Monitoring,94,,WO-BPO8-8-4-LIMS,Passed,F-1-S5,S5
LIMS-320,LIMS-BPO8-8-4-WO-BPO8-8-4-LIMS,SMP-320,BPO8-8-4,Stability Testing,94,,WO-BPO8-8-4-LIMS,Passed,F-1-S5,S5
LIMS-321,LIMS-BPO8-8-5-WO-BPO8-8-5-LIMS,SMP-321,BPO8-8-5,Microbiological Testing,98,,WO-BPO8-8-5-LIMS,Passed,F-1-S5,S5
LIMS-322,LIMS-BPO8-8-5-WO-BPO8-8-5-LIMS,SMP-322,BPO8-8-5,Chemical Analysis,94,,WO-BPO8-8-5-LIMS,Passed,F-1-S5,S5
LIMS-323,LIMS-BPO8-8-5-WO-BPO8-8-5-LIMS,SMP-323,BPO8-8-5,Physical Testing,92,,WO-BPO8-8-5-LIMS,Passed,F-1-S5,S5
LIMS-324,LIMS-BPO8-8-5-WO-BPO8-8-5-LIMS,SMP-324,BPO8-8-5,Environmental Monitoring,94,,WO-BPO8-8-5-LIMS,Passed,F-1-S5,S5
LIMS-325,LIMS-BPO8-8-5-WO-BPO8-8-5-LIMS,SMP-325,BPO8-8-5,Stability Testing,91,,WO-BPO8-8-5-LIMS,Passed,F-1-S5,S5
LIMS-326,LIMS-BPO8-8-6-WO-BPO8-8-6-LIMS,SMP-326,BPO8-8-6,Microbiological Testing,96,,WO-BPO8-8-6-LIMS,Passed,F-1-S5,S5
LIMS-327,LIMS-BPO8-8-6-WO-BPO8-8-6-LIMS,SMP-327,BPO8-8-6,Chemical Analysis,96,,WO-BPO8-8-6-LIMS,Passed,F-1-S5,S5
LIMS-328,LIMS-BPO8-8-6-WO-BPO8-8-6-LIMS,SMP-328,BPO8-8-6,Physical Testing,94,,WO-BPO8-8-6-LIMS,Passed,F-1-S5,S5
LIMS-329,LIMS-BPO8-8-6-WO-BPO8-8-6-LIMS,SMP-329,BPO8-8-6,Environmental Monitoring,100,,WO-BPO8-8-6-LIMS,Passed,F-1-S5,S5
LIMS-330,LIMS-BPO8-8-6-WO-BPO8-8-6-LIMS,SMP-330,BPO8-8-6,Stability Testing,61,,WO-BPO8-8-6-LIMS,Failed,F-1-S5,S5
LIMS-331,LIMS-BPO8-8-7-WO-BPO8-8-7-LIMS,SMP-331,BPO8-8-7,Microbiological Testing,93,,WO-BPO8-8-7-LIMS,Passed,F-1-S5,S5
LIMS-332,LIMS-BPO8-8-7-WO-BPO8-8-7-LIMS,SMP-332,BPO8-8-7,Chemical Analysis,97,,WO-BPO8-8-7-LIMS,Passed,F-1-S5,S5
LIMS-333,LIMS-BPO8-8-7-WO-BPO8-8-7-LIMS,SMP-333,BPO8-8-7,Physical Testing,98,,WO-BPO8-8-7-LIMS,Passed,F-1-S5,S5
LIMS-334,LIMS-BPO8-8-7-WO-BPO8-8-7-LIMS,SMP-334,BPO8-8-7,Environmental Monitoring,92,,WO-BPO8-8-7-LIMS,Passed,F-1-S5,S5
LIMS-335,LIMS-BPO8-8-7-WO-BPO8-8-7-LIMS,SMP-335,BPO8-8-7,Stability Testing,70,,WO-BPO8-8-7-LIMS,Failed,F-1-S5,S5
LIMS-336,LIMS-BPO8-8-8-WO-BPO8-8-8-LIMS,SMP-336,BPO8-8-8,Microbiological Testing,97,,WO-BPO8-8-8-LIMS,Passed,F-1-S5,S5
LIMS-337,LIMS-BPO8-8-8-WO-BPO8-8-8-LIMS,SMP-337,BPO8-8-8,Chemical Analysis,98,,WO-BPO8-8-8-LIMS,Passed,F-1-S5,S5
LIMS-338,LIMS-BPO8-8-8-WO-BPO8-8-8-LIMS,SMP-338,BPO8-8-8,Physical Testing,100,,WO-BPO8-8-8-LIMS,Passed,F-1-S5,S5
LIMS-339,LIMS-BPO8-8-8-WO-BPO8-8-8-LIMS,SMP-339,BPO8-8-8,Environmental Monitoring,95,,WO-BPO8-8-8-LIMS,Passed,F-1-S5,S5
LIMS-340,LIMS-BPO8-8-8-WO-BPO8-8-8-LIMS,SMP-340,BPO8-8-8,Stability Testing,82,,WO-BPO8-8-8-LIMS,InProgress,F-1-S5,S5
LIMS-341,LIMS-BPO8-8-9-WO-BPO8-8-9-LIMS,SMP-341,BPO8-8-9,Microbiological Testing,91,,WO-BPO8-8-9-LIMS,Passed,F-1-S5,S5
LIMS-342,LIMS-BPO8-8-9-WO-BPO8-8-9-LIMS,SMP-342,BPO8-8-9,Chemical Analysis,93,,WO-BPO8-8-9-LIMS,Passed,F-1-S5,S5
LIMS-343,LIMS-BPO8-8-9-WO-BPO8-8-9-LIMS,SMP-343,BPO8-8-9,Physical Testing,93,,WO-BPO8-8-9-LIMS,Passed,F-1-S5,S5
LIMS-344,LIMS-BPO8-8-9-WO-BPO8-8-9-LIMS,SMP-344,BPO8-8-9,Environmental Monitoring,97,,WO-BPO8-8-9-LIMS,Passed,F-1-S5,S5
LIMS-345,LIMS-BPO8-8-9-WO-BPO8-8-9-LIMS,SMP-345,BPO8-8-9,Stability Testing,96,,WO-BPO8-8-9-LIMS,Passed,F-1-S5,S5
LIMS-346,LIMS-BPO8-8-10-WO-BPO8-8-10-LIMS,SMP-346,BPO8-8-10,Microbiological Testing,67,,WO-BPO8-8-10-LIMS,Failed,F-1-S5,S5
LIMS-347,LIMS-BPO8-8-10-WO-BPO8-8-10-LIMS,SMP-347,BPO8-8-10,Chemical Analysis,100,,WO-BPO8-8-10-LIMS,Passed,F-1-S5,S5
LIMS-348,LIMS-BPO8-8-10-WO-BPO8-8-10-LIMS,SMP-348,BPO8-8-10,Physical Testing,91,,WO-BPO8-8-10-LIMS,Passed,F-1-S5,S5
LIMS-349,LIMS-BPO8-8-10-WO-BPO8-8-10-LIMS,SMP-349,BPO8-8-10,Environmental Monitoring,98,,WO-BPO8-8-10-LIMS,Passed,F-1-S5,S5
LIMS-350,LIMS-BPO8-8-10-WO-BPO8-8-10-LIMS,SMP-350,BPO8-8-10,Stability Testing,99,,WO-BPO8-8-10-LIMS,Passed,F-1-S5,S5
LIMS-351,LIMS-BPO8-8-11-WO-BPO8-8-11-LIMS,SMP-351,BPO8-8-11,Microbiological Testing,98,,WO-BPO8-8-11-LIMS,Passed,F-1-S5,S5
LIMS-352,LIMS-BPO8-8-11-WO-BPO8-8-11-LIMS,SMP-352,BPO8-8-11,Chemical Analysis,83,,WO-BPO8-8-11-LIMS,InProgress,F-1-S5,S5
LIMS-353,LIMS-BPO8-8-11-WO-BPO8-8-11-LIMS,SMP-353,BPO8-8-11,Physical Testing,98,,WO-BPO8-8-11-LIMS,Passed,F-1-S5,S5
LIMS-354,LIMS-BPO8-8-11-WO-BPO8-8-11-LIMS,SMP-354,BPO8-8-11,Environmental Monitoring,98,,WO-BPO8-8-11-LIMS,Passed,F-1-S5,S5
LIMS-355,LIMS-BPO8-8-11-WO-BPO8-8-11-LIMS,SMP-355,BPO8-8-11,Stability Testing,91,,WO-BPO8-8-11-LIMS,Passed,F-1-S5,S5
LIMS-356,LIMS-BPO9-9-1-WO-BPO9-9-1-LIMS,SMP-356,BPO9-9-1,Microbiological Testing,96,,WO-BPO9-9-1-LIMS,Passed,F-1-S5,S5
LIMS-357,LIMS-BPO9-9-1-WO-BPO9-9-1-LIMS,SMP-357,BPO9-9-1,Chemical Analysis,97,,WO-BPO9-9-1-LIMS,Passed,F-1-S5,S5
LIMS-358,LIMS-BPO9-9-1-WO-BPO9-9-1-LIMS,SMP-358,BPO9-9-1,Physical Testing,60,,WO-BPO9-9-1-LIMS,Failed,F-1-S5,S5
LIMS-359,LIMS-BPO9-9-1-WO-BPO9-9-1-LIMS,SMP-359,BPO9-9-1,Environmental Monitoring,99,,WO-BPO9-9-1-LIMS,Passed,F-1-S5,S5
LIMS-360,LIMS-BPO9-9-1-WO-BPO9-9-1-LIMS,SMP-360,BPO9-9-1,Stability Testing,100,,WO-BPO9-9-1-LIMS,Passed,F-1-S5,S5
LIMS-361,LIMS-BPO9-9-2-WO-BPO9-9-2-LIMS,SMP-361,BPO9-9-2,Microbiological Testing,99,,WO-BPO9-9-2-LIMS,Passed,F-1-S5,S5
LIMS-362,LIMS-BPO9-9-2-WO-BPO9-9-2-LIMS,SMP-362,BPO9-9-2,Chemical Analysis,95,,WO-BPO9-9-2-LIMS,Passed,F-1-S5,S5
LIMS-363,LIMS-BPO9-9-2-WO-BPO9-9-2-LIMS,SMP-363,BPO9-9-2,Physical Testing,99,,WO-BPO9-9-2-LIMS,Passed,F-1-S5,S5
LIMS-364,LIMS-BPO9-9-2-WO-BPO9-9-2-LIMS,SMP-364,BPO9-9-2,Environmental Monitoring,91,,WO-BPO9-9-2-LIMS,Passed,F-1-S5,S5
LIMS-365,LIMS-BPO9-9-2-WO-BPO9-9-2-LIMS,SMP-365,BPO9-9-2,Stability Testing,96,,WO-BPO9-9-2-LIMS,Passed,F-1-S5,S5
LIMS-366,LIMS-BPO9-9-3-WO-BPO9-9-3-LIMS,SMP-366,BPO9-9-3,Microbiological Testing,93,,WO-BPO9-9-3-LIMS,Passed,F-1-S5,S5
LIMS-367,LIMS-BPO9-9-3-WO-BPO9-9-3-LIMS,SMP-367,BPO9-9-3,Chemical Analysis,97,,WO-BPO9-9-3-LIMS,Passed,F-1-S5,S5
LIMS-368,LIMS-BPO9-9-3-WO-BPO9-9-3-LIMS,SMP-368,BPO9-9-3,Physical Testing,84,,WO-BPO9-9-3-LIMS,InProgress,F-1-S5,S5
LIMS-369,LIMS-BPO9-9-3-WO-BPO9-9-3-LIMS,SMP-369,BPO9-9-3,Environmental Monitoring,99,,WO-BPO9-9-3-LIMS,Passed,F-1-S5,S5
LIMS-370,LIMS-BPO9-9-3-WO-BPO9-9-3-LIMS,SMP-370,BPO9-9-3,Stability Testing,92,,WO-BPO9-9-3-LIMS,Passed,F-1-S5,S5
LIMS-371,LIMS-BPO9-9-4-WO-BPO9-9-4-LIMS,SMP-371,BPO9-9-4,Microbiological Testing,98,,WO-BPO9-9-4-LIMS,Passed,F-1-S5,S5
LIMS-372,LIMS-BPO9-9-4-WO-BPO9-9-4-LIMS,SMP-372,BPO9-9-4,Chemical Analysis,95,,WO-BPO9-9-4-LIMS,Passed,F-1-S5,S5
LIMS-373,LIMS-BPO9-9-4-WO-BPO9-9-4-LIMS,SMP-373,BPO9-9-4,Physical Testing,89,,WO-BPO9-9-4-LIMS,InProgress,F-1-S5,S5
LIMS-374,LIMS-BPO9-9-4-WO-BPO9-9-4-LIMS,SMP-374,BPO9-9-4,Environmental Monitoring,99,,WO-BPO9-9-4-LIMS,Passed,F-1-S5,S5
LIMS-375,LIMS-BPO9-9-4-WO-BPO9-9-4-LIMS,SMP-375,BPO9-9-4,Stability Testing,96,,WO-BPO9-9-4-LIMS,Passed,F-1-S5,S5
LIMS-376,LIMS-BPO9-9-5-WO-BPO9-9-5-LIMS,SMP-376,BPO9-9-5,Microbiological Testing,99,,WO-BPO9-9-5-LIMS,Passed,F-1-S5,S5
LIMS-377,LIMS-BPO9-9-5-WO-BPO9-9-5-LIMS,SMP-377,BPO9-9-5,Chemical Analysis,93,,WO-BPO9-9-5-LIMS,Passed,F-1-S5,S5
LIMS-378,LIMS-BPO9-9-5-WO-BPO9-9-5-LIMS,SMP-378,BPO9-9-5,Physical Testing,100,,WO-BPO9-9-5-LIMS,Passed,F-1-S5,S5
LIMS-379,LIMS-BPO9-9-5-WO-BPO9-9-5-LIMS,SMP-379,BPO9-9-5,Environmental Monitoring,91,,WO-BPO9-9-5-LIMS,Passed,F-1-S5,S5
LIMS-380,LIMS-BPO9-9-5-WO-BPO9-9-5-LIMS,SMP-380,BPO9-9-5,Stability Testing,95,,WO-BPO9-9-5-LIMS,Passed,F-1-S5,S5
LIMS-381,LIMS-BPO9-9-6-WO-BPO9-9-6-LIMS,SMP-381,BPO9-9-6,Microbiological Testing,92,,WO-BPO9-9-6-LIMS,Passed,F-1-S5,S5
LIMS-382,LIMS-BPO9-9-6-WO-BPO9-9-6-LIMS,SMP-382,BPO9-9-6,Chemical Analysis,67,,WO-BPO9-9-6-LIMS,Failed,F-1-S5,S5
LIMS-383,LIMS-BPO9-9-6-WO-BPO9-9-6-LIMS,SMP-383,BPO9-9-6,Physical Testing,100,,WO-BPO9-9-6-LIMS,Passed,F-1-S5,S5
LIMS-384,LIMS-BPO9-9-6-WO-BPO9-9-6-LIMS,SMP-384,BPO9-9-6,Environmental Monitoring,95,,WO-BPO9-9-6-LIMS,Passed,F-1-S5,S5
LIMS-385,LIMS-BPO9-9-6-WO-BPO9-9-6-LIMS,SMP-385,BPO9-9-6,Stability Testing,97,,WO-BPO9-9-6-LIMS,Passed,F-1-S5,S5
LIMS-386,LIMS-BPO9-9-7-WO-BPO9-9-7-LIMS,SMP-386,BPO9-9-7,Microbiological Testing,95,,WO-BPO9-9-7-LIMS,Passed,F-1-S5,S5
LIMS-387,LIMS-BPO9-9-7-WO-BPO9-9-7-LIMS,SMP-387,BPO9-9-7,Chemical Analysis,94,,WO-BPO9-9-7-LIMS,Passed,F-1-S5,S5
LIMS-388,LIMS-BPO9-9-7-WO-BPO9-9-7-LIMS,SMP-388,BPO9-9-7,Physical Testing,97,,WO-BPO9-9-7-LIMS,Passed,F-1-S5,S5
LIMS-389,LIMS-BPO9-9-7-WO-BPO9-9-7-LIMS,SMP-389,BPO9-9-7,Environmental Monitoring,98,,WO-BPO9-9-7-LIMS,Passed,F-1-S5,S5
LIMS-390,LIMS-BPO9-9-7-WO-BPO9-9-7-LIMS,SMP-390,BPO9-9-7,Stability Testing,100,,WO-BPO9-9-7-LIMS,Passed,F-1-S5,S5
LIMS-391,LIMS-BPO9-9-8-WO-BPO9-9-8-LIMS,SMP-391,BPO9-9-8,Microbiological Testing,92,,WO-BPO9-9-8-LIMS,Passed,F-1-S5,S5
LIMS-392,LIMS-BPO9-9-8-WO-BPO9-9-8-LIMS,SMP-392,BPO9-9-8,Chemical Analysis,96,,WO-BPO9-9-8-LIMS,Passed,F-1-S5,S5
LIMS-393,LIMS-BPO9-9-8-WO-BPO9-9-8-LIMS,SMP-393,BPO9-9-8,Physical Testing,97,,WO-BPO9-9-8-LIMS,Passed,F-1-S5,S5
LIMS-394,LIMS-BPO9-9-8-WO-BPO9-9-8-LIMS,SMP-394,BPO9-9-8,Environmental Monitoring,95,,WO-BPO9-9-8-LIMS,Passed,F-1-S5,S5
LIMS-395,LIMS-BPO9-9-8-WO-BPO9-9-8-LIMS,SMP-395,BPO9-9-8,Stability Testing,100,,WO-BPO9-9-8-LIMS,Passed,F-1-S5,S5
LIMS-396,LIMS-BPO9-9-9-WO-BPO9-9-9-LIMS,SMP-396,BPO9-9-9,Microbiological Testing,76,,WO-BPO9-9-9-LIMS,Failed,F-1-S5,S5
LIMS-397,LIMS-BPO9-9-9-WO-BPO9-9-9-LIMS,SMP-397,BPO9-9-9,Chemical Analysis,97,,WO-BPO9-9-9-LIMS,Passed,F-1-S5,S5
LIMS-398,LIMS-BPO9-9-9-WO-BPO9-9-9-LIMS,SMP-398,BPO9-9-9,Physical Testing,95,,WO-BPO9-9-9-LIMS,Passed,F-1-S5,S5
LIMS-399,LIMS-BPO9-9-9-WO-BPO9-9-9-LIMS,SMP-399,BPO9-9-9,Environmental Monitoring,95,,WO-BPO9-9-9-LIMS,Passed,F-1-S5,S5
LIMS-400,LIMS-BPO9-9-9-WO-BPO9-9-9-LIMS,SMP-400,BPO9-9-9,Stability Testing,99,,WO-BPO9-9-9-LIMS,Passed,F-1-S5,S5
LIMS-401,LIMS-BPO10-10-1-WO-BPO10-10-1-LIMS,SMP-401,BPO10-10-1,Microbiological Testing,93,,WO-BPO10-10-1-LIMS,Passed,F-1-S5,S5
LIMS-402,LIMS-BPO10-10-1-WO-BPO10-10-1-LIMS,SMP-402,BPO10-10-1,Chemical Analysis,92,,WO-BPO10-10-1-LIMS,Passed,F-1-S5,S5
LIMS-403,LIMS-BPO10-10-1-WO-BPO10-10-1-LIMS,SMP-403,BPO10-10-1,Physical Testing,95,,WO-BPO10-10-1-LIMS,Passed,F-1-S5,S5
LIMS-404,LIMS-BPO10-10-1-WO-BPO10-10-1-LIMS,SMP-404,BPO10-10-1,Environmental Monitoring,100,,WO-BPO10-10-1-LIMS,Passed,F-1-S5,S5
LIMS-405,LIMS-BPO10-10-1-WO-BPO10-10-1-LIMS,SMP-405,BPO10-10-1,Stability Testing,97,,WO-BPO10-10-1-LIMS,Passed,F-1-S5,S5
LIMS-406,LIMS-BPO10-10-2-WO-BPO10-10-2-LIMS,SMP-406,BPO10-10-2,Microbiological Testing,95,,WO-BPO10-10-2-LIMS,Passed,F-1-S5,S5
LIMS-407,LIMS-BPO10-10-2-WO-BPO10-10-2-LIMS,SMP-407,BPO10-10-2,Chemical Analysis,96,,WO-BPO10-10-2-LIMS,Passed,F-1-S5,S5
LIMS-408,LIMS-BPO10-10-2-WO-BPO10-10-2-LIMS,SMP-408,BPO10-10-2,Physical Testing,99,,WO-BPO10-10-2-LIMS,Passed,F-1-S5,S5
LIMS-409,LIMS-BPO10-10-2-WO-BPO10-10-2-LIMS,SMP-409,BPO10-10-2,Environmental Monitoring,95,,WO-BPO10-10-2-LIMS,Passed,F-1-S5,S5
LIMS-410,LIMS-BPO10-10-2-WO-BPO10-10-2-LIMS,SMP-410,BPO10-10-2,Stability Testing,99,,WO-BPO10-10-2-LIMS,Passed,F-1-S5,S5
LIMS-411,LIMS-BPO10-10-3-WO-BPO10-10-3-LIMS,SMP-411,BPO10-10-3,Microbiological Testing,98,,WO-BPO10-10-3-LIMS,Passed,F-1-S5,S5
LIMS-412,LIMS-BPO10-10-3-WO-BPO10-10-3-LIMS,SMP-412,BPO10-10-3,Chemical Analysis,100,,WO-BPO10-10-3-LIMS,Passed,F-1-S5,S5
LIMS-413,LIMS-BPO10-10-3-WO-BPO10-10-3-LIMS,SMP-413,BPO10-10-3,Physical Testing,96,,WO-BPO10-10-3-LIMS,Passed,F-1-S5,S5
LIMS-414,LIMS-BPO10-10-3-WO-BPO10-10-3-LIMS,SMP-414,BPO10-10-3,Environmental Monitoring,91,,WO-BPO10-10-3-LIMS,Passed,F-1-S5,S5
LIMS-415,LIMS-BPO10-10-3-WO-BPO10-10-3-LIMS,SMP-415,BPO10-10-3,Stability Testing,94,,WO-BPO10-10-3-LIMS,Passed,F-1-S5,S5
LIMS-416,LIMS-BPO10-10-4-WO-BPO10-10-4-LIMS,SMP-416,BPO10-10-4,Microbiological Testing,96,,WO-BPO10-10-4-LIMS,Passed,F-1-S5,S5
LIMS-417,LIMS-BPO10-10-4-WO-BPO10-10-4-LIMS,SMP-417,BPO10-10-4,Chemical Analysis,91,,WO-BPO10-10-4-LIMS,Passed,F-1-S5,S5
LIMS-418,LIMS-BPO10-10-4-WO-BPO10-10-4-LIMS,SMP-418,BPO10-10-4,Physical Testing,96,,WO-BPO10-10-4-LIMS,Passed,F-1-S5,S5
LIMS-419,LIMS-BPO10-10-4-WO-BPO10-10-4-LIMS,SMP-419,BPO10-10-4,Environmental Monitoring,94,,WO-BPO10-10-4-LIMS,Passed,F-1-S5,S5
LIMS-420,LIMS-BPO10-10-4-WO-BPO10-10-4-LIMS,SMP-420,BPO10-10-4,Stability Testing,99,,WO-BPO10-10-4-LIMS,Passed,F-1-S5,S5
LIMS-421,LIMS-BPO10-10-5-WO-BPO10-10-5-LIMS,SMP-421,BPO10-10-5,Microbiological Testing,96,,WO-BPO10-10-5-LIMS,Passed,F-1-S5,S5
LIMS-422,LIMS-BPO10-10-5-WO-BPO10-10-5-LIMS,SMP-422,BPO10-10-5,Chemical Analysis,99,,WO-BPO10-10-5-LIMS,Passed,F-1-S5,S5
LIMS-423,LIMS-BPO10-10-5-WO-BPO10-10-5-LIMS,SMP-423,BPO10-10-5,Physical Testing,92,,WO-BPO10-10-5-LIMS,Passed,F-1-S5,S5
LIMS-424,LIMS-BPO10-10-5-WO-BPO10-10-5-LIMS,SMP-424,BPO10-10-5,Environmental Monitoring,92,,WO-BPO10-10-5-LIMS,Passed,F-1-S5,S5
LIMS-425,LIMS-BPO10-10-5-WO-BPO10-10-5-LIMS,SMP-425,BPO10-10-5,Stability Testing,92,,WO-BPO10-10-5-LIMS,Passed,F-1-S5,S5
LIMS-426,LIMS-BPO10-10-6-WO-BPO10-10-6-LIMS,SMP-426,BPO10-10-6,Microbiological Testing,95,,WO-BPO10-10-6-LIMS,Passed,F-1-S5,S5
LIMS-427,LIMS-BPO10-10-6-WO-BPO10-10-6-LIMS,SMP-427,BPO10-10-6,Chemical Analysis,72,,WO-BPO10-10-6-LIMS,Failed,F-1-S5,S5
LIMS-428,LIMS-BPO10-10-6-WO-BPO10-10-6-LIMS,SMP-428,BPO10-10-6,Physical Testing,91,,WO-BPO10-10-6-LIMS,Passed,F-1-S5,S5
LIMS-429,LIMS-BPO10-10-6-WO-BPO10-10-6-LIMS,SMP-429,BPO10-10-6,Environmental Monitoring,98,,WO-BPO10-10-6-LIMS,Passed,F-1-S5,S5
LIMS-430,LIMS-BPO10-10-6-WO-BPO10-10-6-LIMS,SMP-430,BPO10-10-6,Stability Testing,95,,WO-BPO10-10-6-LIMS,Passed,F-1-S5,S5
LIMS-431,LIMS-BPO10-10-7-WO-BPO10-10-7-LIMS,SMP-431,BPO10-10-7,Microbiological Testing,96,,WO-BPO10-10-7-LIMS,Passed,F-1-S5,S5
LIMS-432,LIMS-BPO10-10-7-WO-BPO10-10-7-LIMS,SMP-432,BPO10-10-7,Chemical Analysis,94,,WO-BPO10-10-7-LIMS,Passed,F-1-S5,S5
LIMS-433,LIMS-BPO10-10-7-WO-BPO10-10-7-LIMS,SMP-433,BPO10-10-7,Physical Testing,97,,WO-BPO10-10-7-LIMS,Passed,F-1-S5,S5
LIMS-434,LIMS-BPO10-10-7-WO-BPO10-10-7-LIMS,SMP-434,BPO10-10-7,Environmental Monitoring,94,,WO-BPO10-10-7-LIMS,Passed,F-1-S5,S5
LIMS-435,LIMS-BPO10-10-7-WO-BPO10-10-7-LIMS,SMP-435,BPO10-10-7,Stability Testing,94,,WO-BPO10-10-7-LIMS,Passed,F-1-S5,S5
LIMS-436,LIMS-BPO10-10-8-WO-BPO10-10-8-LIMS,SMP-436,BPO10-10-8,Microbiological Testing,94,,WO-BPO10-10-8-LIMS,Passed,F-1-S5,S5
LIMS-437,LIMS-BPO10-10-8-WO-BPO10-10-8-LIMS,SMP-437,BPO10-10-8,Chemical Analysis,94,,WO-BPO10-10-8-LIMS,Passed,F-1-S5,S5
LIMS-438,LIMS-BPO10-10-8-WO-BPO10-10-8-LIMS,SMP-438,BPO10-10-8,Physical Testing,95,,WO-BPO10-10-8-LIMS,Passed,F-1-S5,S5
LIMS-439,LIMS-BPO10-10-8-WO-BPO10-10-8-LIMS,SMP-439,BPO10-10-8,Environmental Monitoring,100,,WO-BPO10-10-8-LIMS,Passed,F-1-S5,S5
LIMS-440,LIMS-BPO10-10-8-WO-BPO10-10-8-LIMS,SMP-440,BPO10-10-8,Stability Testing,100,,WO-BPO10-10-8-LIMS,Passed,F-1-S5,S5
LIMS-441,LIMS-BPO10-10-9-WO-BPO10-10-9-LIMS,SMP-441,BPO10-10-9,Microbiological Testing,95,,WO-BPO10-10-9-LIMS,Passed,F-1-S5,S5
LIMS-442,LIMS-BPO10-10-9-WO-BPO10-10-9-LIMS,SMP-442,BPO10-10-9,Chemical Analysis,99,,WO-BPO10-10-9-LIMS,Passed,F-1-S5,S5
LIMS-443,LIMS-BPO10-10-9-WO-BPO10-10-9-LIMS,SMP-443,BPO10-10-9,Physical Testing,92,,WO-BPO10-10-9-LIMS,Passed,F-1-S5,S5
LIMS-444,LIMS-BPO10-10-9-WO-BPO10-10-9-LIMS,SMP-444,BPO10-10-9,Environmental Monitoring,96,,WO-BPO10-10-9-LIMS,Passed,F-1-S5,S5
LIMS-445,LIMS-BPO10-10-9-WO-BPO10-10-9-LIMS,SMP-445,BPO10-10-9,Stability Testing,99,,WO-BPO10-10-9-LIMS,Passed,F-1-S5,S5
LIMS-446,LIMS-BPO10-10-10-WO-BPO10-10-10-LIMS,SMP-446,BPO10-10-10,Microbiological Testing,97,,WO-BPO10-10-10-LIMS,Passed,F-1-S5,S5
LIMS-447,LIMS-BPO10-10-10-WO-BPO10-10-10-LIMS,SMP-447,BPO10-10-10,Chemical Analysis,96,,WO-BPO10-10-10-LIMS,Passed,F-1-S5,S5
LIMS-448,LIMS-BPO10-10-10-WO-BPO10-10-10-LIMS,SMP-448,BPO10-10-10,Physical Testing,99,,WO-BPO10-10-10-LIMS,Passed,F-1-S5,S5
LIMS-449,LIMS-BPO10-10-10-WO-BPO10-10-10-LIMS,SMP-449,BPO10-10-10,Environmental Monitoring,93,,WO-BPO10-10-10-LIMS,Passed,F-1-S5,S5
LIMS-450,LIMS-BPO10-10-10-WO-BPO10-10-10-LIMS,SMP-450,BPO10-10-10,Stability Testing,96,,WO-BPO10-10-10-LIMS,Passed,F-1-S5,S5
LIMS-451,LIMS-BPO10-10-11-WO-BPO10-10-11-LIMS,SMP-451,BPO10-10-11,Microbiological Testing,96,,WO-BPO10-10-11-LIMS,Passed,F-1-S5,S5
LIMS-452,LIMS-BPO10-10-11-WO-BPO10-10-11-LIMS,SMP-452,BPO10-10-11,Chemical Analysis,93,,WO-BPO10-10-11-LIMS,Passed,F-1-S5,S5
LIMS-453,LIMS-BPO10-10-11-WO-BPO10-10-11-LIMS,SMP-453,BPO10-10-11,Physical Testing,99,,WO-BPO10-10-11-LIMS,Passed,F-1-S5,S5
LIMS-454,LIMS-BPO10-10-11-WO-BPO10-10-11-LIMS,SMP-454,BPO10-10-11,Environmental Monitoring,92,,WO-BPO10-10-11-LIMS,Passed,F-1-S5,S5
LIMS-455,LIMS-BPO10-10-11-WO-BPO10-10-11-LIMS,SMP-455,BPO10-10-11,Stability Testing,98,,WO-BPO10-10-11-LIMS,Passed,F-1-S5,S5
LIMS-456,LIMS-BPO10-10-12-WO-BPO10-10-12-LIMS,SMP-456,BPO10-10-12,Microbiological Testing,93,,WO-BPO10-10-12-LIMS,Passed,F-1-S5,S5
LIMS-457,LIMS-BPO10-10-12-WO-BPO10-10-12-LIMS,SMP-457,BPO10-10-12,Chemical Analysis,99,,WO-BPO10-10-12-LIMS,Passed,F-1-S5,S5
LIMS-458,LIMS-BPO10-10-12-WO-BPO10-10-12-LIMS,SMP-458,BPO10-10-12,Physical Testing,97,,WO-BPO10-10-12-LIMS,Passed,F-1-S5,S5
LIMS-459,LIMS-BPO10-10-12-WO-BPO10-10-12-LIMS,SMP-459,BPO10-10-12,Environmental Monitoring,91,,WO-BPO10-10-12-LIMS,Passed,F-1-S5,S5
LIMS-460,LIMS-BPO10-10-12-WO-BPO10-10-12-LIMS,SMP-460,BPO10-10-12,Stability Testing,96,,WO-BPO10-10-12-LIMS,Passed,F-1-S5,S5
