id,AssetID,MaintenanceSchedule,LastMaintenanceDate,NextMaintenanceDate,MaintenancePerformedBy,MaintenanceRecords
MR1,A1,Spare Replacement,35:28.2,35:28.2,John,Replaced filter and checked lubrication
MR2,A1,On REPAIR,35:28.2,35:28.2,John,Replaced filter and checked lubrication
MR3,A1,On REPAIR,35:28.2,35:28.2,John,Replaced filter and checked lubrication
MR4,A1,On REPAIR,35:28.2,35:28.2,Jane Smith,Replaced filter and checked lubrication
MR5,A1,On REPAIR,35:28.2,35:28.2,Jane Smith,Replaced filter and checked lubrication
MR6,A1,Spare Replacement,35:28.2,35:28.2,John,Replaced filter and checked lubrication
MR7,A2,On REPAIR,35:28.2,35:28.2,Jane Smith,Replaced filter and checked lubrication
MR8,A2,On REPAIR,35:28.2,35:28.2,Tony,Replaced filter and checked lubrication
MR9,A2,On REPAIR,35:28.2,35:28.2,John,Replaced filter and checked lubrication
MR10,A2,Spare Replacement,35:28.2,35:28.2,John,Replaced filter and checked lubrication
MR11,A2,On REPAIR,35:28.2,35:28.2,Jane Smith,Replaced filter and checked lubrication
MR12,A2,On REPAIR,35:28.2,35:28.2,Jane Smith,Replaced filter and checked lubrication
MR13,A2,On REPAIR,35:28.2,35:28.2,John,Replaced filter and checked lubrication
MR14,A2,On REPAIR,35:28.2,35:28.2,Jane Smith,Replaced filter and checked lubrication
MR15,A2,On REPAIR,35:28.2,35:28.2,Jane Smith,Replaced filter and checked lubrication
MR16,A3,Spare Replacement,35:28.2,35:28.2,John,Replaced filter and checked lubrication
MR17,A3,On REPAIR,35:28.2,35:28.2,Jane Smith,Replaced filter and checked lubrication
MR18,A3,On REPAIR,35:28.2,35:28.2,Tony,Replaced filter and checked lubrication
MR19,A3,On REPAIR,35:28.2,35:28.2,Jane Smith,Replaced filter and checked lubrication
MR20,A3,On REPAIR,35:28.2,35:28.2,Jane Smith,Replaced filter and checked lubrication
MR21,A3,On REPAIR,35:28.2,35:28.2,Jane Smith,Replaced filter and checked lubrication
MR22,A4,Spare Replacement,35:28.2,35:28.2,Tony,Replaced filter and checked lubrication
MR23,A4,On REPAIR,35:28.2,35:28.2,Tony,Replaced filter and checked lubrication
MR24,A4,On REPAIR,35:28.2,35:28.2,John,Replaced filter and checked lubrication
MR25,A4,On REPAIR,35:28.2,35:28.2,Tony,Replaced filter and checked lubrication
MR26,A4,Spare Replacement,35:28.2,35:28.2,Jane Smith,Replaced filter and checked lubrication
MR27,A4,On REPAIR,35:28.2,35:28.2,John,Replaced filter and checked lubrication
MR28,A4,On REPAIR,35:28.2,35:28.2,Jane Smith,Replaced filter and checked lubrication
MR29,A5,On REPAIR,35:28.2,35:28.2,John,Replaced filter and checked lubrication
MR30,A5,Spare Replacement,35:28.2,35:28.2,John,Replaced filter and checked lubrication
MR31,A5,On REPAIR,35:28.2,35:28.2,Tony,Replaced filter and checked lubrication
MR32,A5,Spare Replacement,35:28.2,35:28.2,Jane Smith,Replaced filter and checked lubrication
MR33,A5,On REPAIR,35:28.2,35:28.2,Jane Smith,Replaced filter and checked lubrication
MR34,A5,On REPAIR,35:28.2,35:28.2,Tony,Replaced filter and checked lubrication
MR35,A5,Spare Replacement,35:28.2,35:28.2,Tony,Replaced filter and checked lubrication
MR36,A5,On REPAIR,35:28.2,35:28.2,Jane Smith,Replaced filter and checked lubrication
MR37,A6,On REPAIR,35:28.2,35:28.2,Tony,Replaced filter and checked lubrication
MR38,A6,On REPAIR,35:28.2,35:28.2,Jane Smith,Replaced filter and checked lubrication
MR39,A6,On REPAIR,35:28.2,35:28.2,Jane Smith,Replaced filter and checked lubrication
MR40,A6,On REPAIR,35:28.2,35:28.2,Tony,Replaced filter and checked lubrication
MR41,A6,On REPAIR,35:28.2,35:28.2,Tony,Replaced filter and checked lubrication
MR42,A6,On REPAIR,35:28.2,35:28.2,Tony,Replaced filter and checked lubrication
MR43,A6,Spare Replacement,35:28.2,35:28.2,John,Replaced filter and checked lubrication
MR44,A6,On REPAIR,35:28.2,35:28.2,Tony,Replaced filter and checked lubrication
MR45,A6,On REPAIR,35:28.2,35:28.2,John,Replaced filter and checked lubrication
MR46,A7,On REPAIR,35:28.2,35:28.2,John,Replaced filter and checked lubrication
MR47,A7,On REPAIR,35:28.2,35:28.2,Tony,Replaced filter and checked lubrication
MR48,A7,Spare Replacement,35:28.2,35:28.2,Jane Smith,Replaced filter and checked lubrication
MR49,A7,On REPAIR,35:28.2,35:28.2,Tony,Replaced filter and checked lubrication
MR50,A7,On REPAIR,35:28.2,35:28.2,Tony,Replaced filter and checked lubrication
MR51,A7,On REPAIR,35:28.2,35:28.2,Tony,Replaced filter and checked lubrication
MR52,A8,Spare Replacement,35:28.2,35:28.2,Tony,Replaced filter and checked lubrication
MR53,A8,On REPAIR,35:28.2,35:28.2,John,Replaced filter and checked lubrication
MR54,A8,On REPAIR,35:28.2,35:28.2,Jane Smith,Replaced filter and checked lubrication
MR55,A8,On REPAIR,35:28.2,35:28.2,Tony,Replaced filter and checked lubrication
MR56,A8,Spare Replacement,35:28.2,35:28.2,Tony,Replaced filter and checked lubrication
MR57,A8,On REPAIR,35:28.2,35:28.2,Jane Smith,Replaced filter and checked lubrication
MR58,A8,On REPAIR,35:28.2,35:28.2,John,Replaced filter and checked lubrication
MR59,A8,On REPAIR,35:28.2,35:28.2,John,Replaced filter and checked lubrication
MR60,A9,On REPAIR,35:28.2,35:28.2,Tony,Replaced filter and checked lubrication
MR61,A9,On REPAIR,35:28.2,35:28.2,Jane Smith,Replaced filter and checked lubrication
MR62,A9,On REPAIR,35:28.2,35:28.2,Tony,Replaced filter and checked lubrication
MR63,A9,On REPAIR,35:28.2,35:28.2,John,Replaced filter and checked lubrication
MR64,A9,Spare Replacement,35:28.2,35:28.2,Jane Smith,Replaced filter and checked lubrication
MR65,A9,On REPAIR,35:28.2,35:28.2,John,Replaced filter and checked lubrication
MR66,A9,On REPAIR,35:28.2,35:28.2,Jane Smith,Replaced filter and checked lubrication
MR67,A9,On REPAIR,35:28.2,35:28.2,Jane Smith,Replaced filter and checked lubrication
MR68,A10,On REPAIR,35:28.2,35:28.2,Tony,Replaced filter and checked lubrication
MR69,A10,Spare Replacement,35:28.2,35:28.2,John,Replaced filter and checked lubrication
MR70,A10,Spare Replacement,35:28.2,35:28.2,Tony,Replaced filter and checked lubrication
MR71,A10,On REPAIR,35:28.2,35:28.2,Tony,Replaced filter and checked lubrication
MR72,A10,On REPAIR,35:28.2,35:28.2,Jane Smith,Replaced filter and checked lubrication
MR73,A10,On REPAIR,35:28.2,35:28.2,John,Replaced filter and checked lubrication
MR74,A10,On REPAIR,35:28.2,35:28.2,John,Replaced filter and checked lubrication
MR75,A10,On REPAIR,35:28.2,35:28.2,John,Replaced filter and checked lubrication
MR76,A10,On REPAIR,35:28.2,35:28.2,John,Replaced filter and checked lubrication
MR77,A11,On REPAIR,35:28.2,35:28.2,Tony,Replaced filter and checked lubrication
MR78,A11,On REPAIR,35:28.2,35:28.2,Tony,Replaced filter and checked lubrication
MR79,A11,On REPAIR,35:28.2,35:28.2,Tony,Replaced filter and checked lubrication
MR80,A11,On REPAIR,35:28.2,35:28.2,Tony,Replaced filter and checked lubrication
MR81,A11,On REPAIR,35:28.2,35:28.2,Jane Smith,Replaced filter and checked lubrication
MR82,A11,On REPAIR,35:28.2,35:28.2,John,Replaced filter and checked lubrication
MR83,A11,On REPAIR,35:28.2,35:28.2,Tony,Replaced filter and checked lubrication
MR84,A12,Spare Replacement,35:28.2,35:28.2,Jane Smith,Replaced filter and checked lubrication
MR85,A12,Spare Replacement,35:28.2,35:28.2,Tony,Replaced filter and checked lubrication
MR86,A12,On REPAIR,35:28.2,35:28.2,John,Replaced filter and checked lubrication
MR87,A12,On REPAIR,35:28.2,35:28.2,John,Replaced filter and checked lubrication
MR88,A12,On REPAIR,35:28.2,35:28.2,Jane Smith,Replaced filter and checked lubrication
MR89,A12,On REPAIR,35:28.2,35:28.2,Jane Smith,Replaced filter and checked lubrication
MR90,A12,On REPAIR,35:28.2,35:28.2,John,Replaced filter and checked lubrication
MR91,A12,On REPAIR,35:28.2,35:28.2,Jane Smith,Replaced filter and checked lubrication
MR92,A12,On REPAIR,35:28.2,35:28.2,Jane Smith,Replaced filter and checked lubrication
MR93,A13,On REPAIR,35:28.2,35:28.2,John,Replaced filter and checked lubrication
MR94,A13,On REPAIR,35:28.2,35:28.2,Jane Smith,Replaced filter and checked lubrication
MR95,A13,On REPAIR,35:28.2,35:28.2,John,Replaced filter and checked lubrication
MR96,A13,On REPAIR,35:28.2,35:28.2,Jane Smith,Replaced filter and checked lubrication
MR97,A13,Spare Replacement,35:28.2,35:28.2,Jane Smith,Replaced filter and checked lubrication
MR98,A13,Spare Replacement,35:28.2,35:28.2,John,Replaced filter and checked lubrication
MR99,A14,On REPAIR,35:28.2,35:28.2,John,Replaced filter and checked lubrication
MR100,A14,On REPAIR,35:28.2,35:28.2,Tony,Replaced filter and checked lubrication
MR101,A14,On REPAIR,35:28.2,35:28.2,Tony,Replaced filter and checked lubrication
MR102,A14,On REPAIR,35:28.2,35:28.2,Tony,Replaced filter and checked lubrication
MR103,A14,On REPAIR,35:28.2,35:28.2,Jane Smith,Replaced filter and checked lubrication
MR104,A14,Spare Replacement,35:28.2,35:28.2,Tony,Replaced filter and checked lubrication
MR105,A14,On REPAIR,35:28.2,35:28.2,Tony,Replaced filter and checked lubrication
MR106,A14,On REPAIR,35:28.2,35:28.2,John,Replaced filter and checked lubrication
MR107,A15,On REPAIR,35:28.2,35:28.2,Tony,Replaced filter and checked lubrication
MR108,A15,Spare Replacement,35:28.2,35:28.2,Tony,Replaced filter and checked lubrication
MR109,A15,On REPAIR,35:28.2,35:28.2,Jane Smith,Replaced filter and checked lubrication
MR110,A16,On REPAIR,35:28.2,35:28.2,John,Replaced filter and checked lubrication
MR111,A16,On REPAIR,35:28.2,35:28.2,Jane Smith,Replaced filter and checked lubrication
MR112,A16,On REPAIR,35:28.2,35:28.2,Jane Smith,Replaced filter and checked lubrication
MR113,A16,On REPAIR,35:28.2,35:28.2,Tony,Replaced filter and checked lubrication
MR114,A16,Spare Replacement,35:28.2,35:28.2,Jane Smith,Replaced filter and checked lubrication
MR115,A16,On REPAIR,35:28.2,35:28.2,Tony,Replaced filter and checked lubrication
MR116,A16,On REPAIR,35:28.2,35:28.2,Tony,Replaced filter and checked lubrication
MR117,A17,On REPAIR,35:28.2,35:28.2,Tony,Replaced filter and checked lubrication
MR118,A17,On REPAIR,35:28.2,35:28.2,Tony,Replaced filter and checked lubrication
MR119,A17,On REPAIR,35:28.2,35:28.2,Tony,Replaced filter and checked lubrication
MR120,A17,Spare Replacement,35:28.2,35:28.2,Jane Smith,Replaced filter and checked lubrication
MR121,A17,On REPAIR,35:28.2,35:28.2,Jane Smith,Replaced filter and checked lubrication
MR122,A17,On REPAIR,35:28.2,35:28.2,John,Replaced filter and checked lubrication
MR123,A18,On REPAIR,35:28.2,35:28.2,John,Replaced filter and checked lubrication
MR124,A18,Spare Replacement,35:28.2,35:28.2,John,Replaced filter and checked lubrication
MR125,A19,On REPAIR,35:28.2,35:28.2,John,Replaced filter and checked lubrication
MR126,A19,On REPAIR,35:28.2,35:28.2,John,Replaced filter and checked lubrication
MR127,A19,On REPAIR,35:28.2,35:28.2,John,Replaced filter and checked lubrication
MR128,A19,Spare Replacement,35:28.2,35:28.2,Tony,Replaced filter and checked lubrication
MR129,A19,On REPAIR,35:28.2,35:28.2,Jane Smith,Replaced filter and checked lubrication
MR130,A19,Spare Replacement,35:28.2,35:28.2,Tony,Replaced filter and checked lubrication
MR131,A20,On REPAIR,35:28.2,35:28.2,John,Replaced filter and checked lubrication
MR132,A20,On REPAIR,35:28.2,35:28.2,Tony,Replaced filter and checked lubrication
MR133,A20,Spare Replacement,35:28.2,35:28.2,Tony,Replaced filter and checked lubrication
MR134,A20,On REPAIR,35:28.2,35:28.2,Jane Smith,Replaced filter and checked lubrication
MR135,A20,On REPAIR,35:28.2,35:28.2,John,Replaced filter and checked lubrication
MR136,A20,On REPAIR,35:28.2,35:28.2,Jane Smith,Replaced filter and checked lubrication
MR137,A20,On REPAIR,35:28.2,35:28.2,Tony,Replaced filter and checked lubrication
MR138,A21,On REPAIR,35:28.2,35:28.2,John,Replaced filter and checked lubrication
MR139,A21,On REPAIR,35:28.2,35:28.2,Tony,Replaced filter and checked lubrication
MR140,A21,On REPAIR,35:28.2,35:28.2,John,Replaced filter and checked lubrication
MR141,A21,Spare Replacement,35:28.2,35:28.2,Tony,Replaced filter and checked lubrication
MR142,A21,On REPAIR,35:28.2,35:28.2,Jane Smith,Replaced filter and checked lubrication
MR143,A21,On REPAIR,35:28.2,35:28.2,John,Replaced filter and checked lubrication
MR144,A21,On REPAIR,35:28.2,35:28.2,Jane Smith,Replaced filter and checked lubrication
MR145,A21,On REPAIR,35:28.2,35:28.2,Tony,Replaced filter and checked lubrication
MR146,A22,Spare Replacement,35:28.2,35:28.2,John,Replaced filter and checked lubrication
MR147,A22,On REPAIR,35:28.2,35:28.2,Tony,Replaced filter and checked lubrication
MR148,A22,On REPAIR,35:28.2,35:28.2,John,Replaced filter and checked lubrication
MR149,A22,On REPAIR,35:28.2,35:28.2,Jane Smith,Replaced filter and checked lubrication
MR150,A22,Spare Replacement,35:28.2,35:28.2,Jane Smith,Replaced filter and checked lubrication
MR151,A22,On REPAIR,35:28.2,35:28.2,Jane Smith,Replaced filter and checked lubrication
MR152,A23,On REPAIR,35:28.2,35:28.2,Jane Smith,Replaced filter and checked lubrication
MR153,A23,On REPAIR,35:28.2,35:28.2,John,Replaced filter and checked lubrication
MR154,A23,Spare Replacement,35:28.2,35:28.2,Tony,Replaced filter and checked lubrication
MR155,A23,On REPAIR,35:28.2,35:28.2,Jane Smith,Replaced filter and checked lubrication
MR156,A23,On REPAIR,35:28.2,35:28.2,Tony,Replaced filter and checked lubrication
MR157,A23,On REPAIR,35:28.2,35:28.2,Tony,Replaced filter and checked lubrication
MR158,A23,On REPAIR,35:28.2,35:28.2,John,Replaced filter and checked lubrication
MR159,A23,On REPAIR,35:28.2,35:28.2,John,Replaced filter and checked lubrication
MR160,A24,On REPAIR,35:28.2,35:28.2,John,Replaced filter and checked lubrication
MR161,A24,On REPAIR,35:28.2,35:28.2,Jane Smith,Replaced filter and checked lubrication
MR162,A24,Spare Replacement,35:28.2,35:28.2,Tony,Replaced filter and checked lubrication
MR163,A24,On REPAIR,35:28.2,35:28.2,Jane Smith,Replaced filter and checked lubrication
MR164,A24,On REPAIR,35:28.2,35:28.2,Tony,Replaced filter and checked lubrication
MR165,A24,On REPAIR,35:28.2,35:28.2,Jane Smith,Replaced filter and checked lubrication
MR166,A24,On REPAIR,35:28.2,35:28.2,Jane Smith,Replaced filter and checked lubrication
MR167,A24,Spare Replacement,35:28.2,35:28.2,Jane Smith,Replaced filter and checked lubrication
MR168,A24,Spare Replacement,35:28.2,35:28.2,Jane Smith,Replaced filter and checked lubrication
MR169,A25,On REPAIR,35:28.2,35:28.2,John,Replaced filter and checked lubrication
MR170,A25,On REPAIR,35:28.2,35:28.2,Tony,Replaced filter and checked lubrication
MR171,A25,On REPAIR,35:28.2,35:28.2,Jane Smith,Replaced filter and checked lubrication
MR172,A25,On REPAIR,35:28.2,35:28.2,John,Replaced filter and checked lubrication
MR173,A25,On REPAIR,35:28.2,35:28.2,Jane Smith,Replaced filter and checked lubrication
MR174,A25,On REPAIR,35:28.2,35:28.2,Tony,Replaced filter and checked lubrication
MR175,A25,On REPAIR,35:28.2,35:28.2,John,Replaced filter and checked lubrication
MR176,A25,On REPAIR,35:28.2,35:28.2,John,Replaced filter and checked lubrication
MR177,A26,On REPAIR,35:28.2,35:28.2,Jane Smith,Replaced filter and checked lubrication
MR178,A26,On REPAIR,35:28.2,35:28.2,John,Replaced filter and checked lubrication
MR179,A26,On REPAIR,35:28.2,35:28.2,Tony,Replaced filter and checked lubrication
MR180,A26,On REPAIR,35:28.2,35:28.2,Jane Smith,Replaced filter and checked lubrication
MR181,A26,On REPAIR,35:28.2,35:28.2,John,Replaced filter and checked lubrication
MR182,A26,Spare Replacement,35:28.2,35:28.2,John,Replaced filter and checked lubrication
MR183,A26,Spare Replacement,35:28.2,35:28.2,Jane Smith,Replaced filter and checked lubrication
MR184,A26,On REPAIR,35:28.2,35:28.2,Tony,Replaced filter and checked lubrication
MR185,A26,On REPAIR,35:28.2,35:28.2,John,Replaced filter and checked lubrication
MR186,A27,On REPAIR,35:28.2,35:28.2,Tony,Replaced filter and checked lubrication
MR187,A27,On REPAIR,35:28.2,35:28.2,Tony,Replaced filter and checked lubrication
MR188,A27,On REPAIR,35:28.2,35:28.2,John,Replaced filter and checked lubrication
MR189,A27,On REPAIR,35:28.2,35:28.2,Tony,Replaced filter and checked lubrication
MR190,A27,On REPAIR,35:28.2,35:28.2,John,Replaced filter and checked lubrication
MR191,A27,On REPAIR,35:28.2,35:28.2,Tony,Replaced filter and checked lubrication
MR192,A27,On REPAIR,35:28.2,35:28.2,Tony,Replaced filter and checked lubrication
MR193,A27,On REPAIR,35:28.2,35:28.2,John,Replaced filter and checked lubrication
MR194,A28,On REPAIR,35:28.2,35:28.2,John,Replaced filter and checked lubrication
MR195,A28,Spare Replacement,35:28.2,35:28.2,John,Replaced filter and checked lubrication
MR196,A28,Spare Replacement,35:28.2,35:28.2,John,Replaced filter and checked lubrication
MR197,A28,On REPAIR,35:28.2,35:28.2,John,Replaced filter and checked lubrication
MR198,A28,On REPAIR,35:28.2,35:28.2,John,Replaced filter and checked lubrication
MR199,A28,On REPAIR,35:28.2,35:28.2,Jane Smith,Replaced filter and checked lubrication
MR200,A28,On REPAIR,35:28.2,35:28.2,John,Replaced filter and checked lubrication
MR201,A28,On REPAIR,35:28.2,35:28.2,John,Replaced filter and checked lubrication
MR202,A29,On REPAIR,35:28.2,35:28.2,John,Replaced filter and checked lubrication
MR203,A29,Spare Replacement,35:28.2,35:28.2,John,Replaced filter and checked lubrication
MR204,A29,On REPAIR,35:28.2,35:28.2,Jane Smith,Replaced filter and checked lubrication
MR205,A29,On REPAIR,35:28.2,35:28.2,Jane Smith,Replaced filter and checked lubrication
MR206,A29,On REPAIR,35:28.2,35:28.2,Jane Smith,Replaced filter and checked lubrication
MR207,A29,Spare Replacement,35:28.2,35:28.2,John,Replaced filter and checked lubrication
MR208,A29,On REPAIR,35:28.2,35:28.2,Jane Smith,Replaced filter and checked lubrication
MR209,A30,On REPAIR,35:28.2,35:28.2,Jane Smith,Replaced filter and checked lubrication
MR210,A30,On REPAIR,35:28.2,35:28.2,Jane Smith,Replaced filter and checked lubrication
MR211,A30,On REPAIR,35:28.2,35:28.2,Jane Smith,Replaced filter and checked lubrication
MR212,A30,On REPAIR,35:28.2,35:28.2,John,Replaced filter and checked lubrication
MR213,A30,Spare Replacement,35:28.2,35:28.2,Jane Smith,Replaced filter and checked lubrication
MR214,A30,On REPAIR,35:28.2,35:28.2,Jane Smith,Replaced filter and checked lubrication
MR215,A31,On REPAIR,35:28.2,35:28.2,Jane Smith,Replaced filter and checked lubrication
MR216,A31,On REPAIR,35:28.2,35:28.2,John,Replaced filter and checked lubrication
MR217,A31,On REPAIR,35:28.2,35:28.2,Tony,Replaced filter and checked lubrication
MR218,A31,On REPAIR,35:28.2,35:28.2,John,Replaced filter and checked lubrication
MR219,A31,Spare Replacement,35:28.2,35:28.2,Jane Smith,Replaced filter and checked lubrication
MR220,A31,On REPAIR,35:28.2,35:28.2,John,Replaced filter and checked lubrication
MR221,A31,On REPAIR,35:28.2,35:28.2,Jane Smith,Replaced filter and checked lubrication
MR222,A31,On REPAIR,35:28.2,35:28.2,John,Replaced filter and checked lubrication
MR223,A32,Spare Replacement,35:28.2,35:28.2,John,Replaced filter and checked lubrication
MR224,A32,On REPAIR,35:28.2,35:28.2,Tony,Replaced filter and checked lubrication
MR225,A32,On REPAIR,35:28.2,35:28.2,John,Replaced filter and checked lubrication
MR226,A32,On REPAIR,35:28.2,35:28.2,Jane Smith,Replaced filter and checked lubrication
MR227,A32,Spare Replacement,35:28.2,35:28.2,Tony,Replaced filter and checked lubrication
MR228,A32,On REPAIR,35:28.2,35:28.2,Jane Smith,Replaced filter and checked lubrication
MR229,A32,Spare Replacement,35:28.2,35:28.2,Jane Smith,Replaced filter and checked lubrication
MR230,A32,On REPAIR,35:28.2,35:28.2,John,Replaced filter and checked lubrication
MR231,A32,On REPAIR,35:28.2,35:28.2,John,Replaced filter and checked lubrication
MR232,A33,Spare Replacement,35:28.2,35:28.2,Tony,Replaced filter and checked lubrication
MR233,A33,On REPAIR,35:28.2,35:28.2,Jane Smith,Replaced filter and checked lubrication
MR234,A33,On REPAIR,35:28.2,35:28.2,Jane Smith,Replaced filter and checked lubrication
MR235,A33,On REPAIR,35:28.2,35:28.2,John,Replaced filter and checked lubrication
MR236,A33,On REPAIR,35:28.2,35:28.2,Tony,Replaced filter and checked lubrication
MR237,A33,On REPAIR,35:28.2,35:28.2,Tony,Replaced filter and checked lubrication
MR238,A34,On REPAIR,35:28.2,35:28.2,John,Replaced filter and checked lubrication
MR239,A34,On REPAIR,35:28.2,35:28.2,Jane Smith,Replaced filter and checked lubrication
MR240,A34,Spare Replacement,35:28.2,35:28.2,John,Replaced filter and checked lubrication
MR241,A34,On REPAIR,35:28.2,35:28.2,Tony,Replaced filter and checked lubrication
MR242,A34,On REPAIR,35:28.2,35:28.2,Tony,Replaced filter and checked lubrication
MR243,A34,On REPAIR,35:28.2,35:28.2,John,Replaced filter and checked lubrication
MR244,A34,On REPAIR,35:28.2,35:28.2,Tony,Replaced filter and checked lubrication
MR245,A35,Spare Replacement,35:28.2,35:28.2,Jane Smith,Replaced filter and checked lubrication
MR246,A35,On REPAIR,35:28.2,35:28.2,Tony,Replaced filter and checked lubrication
MR247,A35,On REPAIR,35:28.2,35:28.2,John,Replaced filter and checked lubrication
MR248,A35,On REPAIR,35:28.2,35:28.2,Tony,Replaced filter and checked lubrication
MR249,A35,Spare Replacement,35:28.2,35:28.2,Tony,Replaced filter and checked lubrication
MR250,A35,On REPAIR,35:28.2,35:28.2,Jane Smith,Replaced filter and checked lubrication
MR251,A35,On REPAIR,35:28.2,35:28.2,Jane Smith,Replaced filter and checked lubrication
MR252,A35,On REPAIR,35:28.2,35:28.2,Jane Smith,Replaced filter and checked lubrication
MR253,A36,Spare Replacement,35:28.2,35:28.2,Jane Smith,Replaced filter and checked lubrication
MR254,A36,On REPAIR,35:28.2,35:28.2,Tony,Replaced filter and checked lubrication
MR255,A36,On REPAIR,35:28.2,35:28.2,Jane Smith,Replaced filter and checked lubrication
MR256,A36,On REPAIR,35:28.2,35:28.2,Jane Smith,Replaced filter and checked lubrication
MR257,A36,On REPAIR,35:28.2,35:28.2,Tony,Replaced filter and checked lubrication
MR258,A36,On REPAIR,35:28.2,35:28.2,Tony,Replaced filter and checked lubrication
MR259,A36,On REPAIR,35:28.2,35:28.2,Tony,Replaced filter and checked lubrication
MR260,A36,On REPAIR,35:28.2,35:28.2,John,Replaced filter and checked lubrication
MR261,A37,Spare Replacement,35:28.2,35:28.2,Tony,Replaced filter and checked lubrication
MR262,A37,On REPAIR,35:28.2,35:28.2,John,Replaced filter and checked lubrication
MR263,A37,On REPAIR,35:28.2,35:28.2,Jane Smith,Replaced filter and checked lubrication
MR264,A37,On REPAIR,35:28.2,35:28.2,Tony,Replaced filter and checked lubrication
MR265,A37,On REPAIR,35:28.2,35:28.2,John,Replaced filter and checked lubrication
MR266,A37,Spare Replacement,35:28.2,35:28.2,Jane Smith,Replaced filter and checked lubrication
MR267,A37,Spare Replacement,35:28.2,35:28.2,Tony,Replaced filter and checked lubrication
MR268,A38,On REPAIR,35:28.2,35:28.2,Jane Smith,Replaced filter and checked lubrication
MR269,A38,On REPAIR,35:28.2,35:28.2,John,Replaced filter and checked lubrication
MR270,A38,On REPAIR,35:28.2,35:28.2,Jane Smith,Replaced filter and checked lubrication
MR271,A38,On REPAIR,35:28.2,35:28.2,John,Replaced filter and checked lubrication
MR272,A38,On REPAIR,35:28.2,35:28.2,John,Replaced filter and checked lubrication
MR273,A38,On REPAIR,35:28.2,35:28.2,Jane Smith,Replaced filter and checked lubrication
MR274,A38,On REPAIR,35:28.2,35:28.2,Tony,Replaced filter and checked lubrication
MR275,A38,On REPAIR,35:28.2,35:28.2,Tony,Replaced filter and checked lubrication
MR276,A38,On REPAIR,35:28.2,35:28.2,Tony,Replaced filter and checked lubrication
MR277,A39,On REPAIR,35:28.2,35:28.2,John,Replaced filter and checked lubrication
MR278,A39,On REPAIR,35:28.2,35:28.2,John,Replaced filter and checked lubrication
MR279,A39,On REPAIR,35:28.2,35:28.2,Jane Smith,Replaced filter and checked lubrication
MR280,A39,On REPAIR,35:28.2,35:28.2,John,Replaced filter and checked lubrication
MR281,A39,Spare Replacement,35:28.2,35:28.2,John,Replaced filter and checked lubrication
MR282,A39,Spare Replacement,35:28.2,35:28.2,Tony,Replaced filter and checked lubrication
MR283,A39,On REPAIR,35:28.2,35:28.2,Jane Smith,Replaced filter and checked lubrication
MR284,A39,On REPAIR,35:28.2,35:28.2,Tony,Replaced filter and checked lubrication
MR285,A40,On REPAIR,35:28.2,35:28.2,John,Replaced filter and checked lubrication
MR286,A40,On REPAIR,35:28.2,35:28.2,John,Replaced filter and checked lubrication
MR287,A40,On REPAIR,35:28.2,35:28.2,Tony,Replaced filter and checked lubrication
MR288,A40,On REPAIR,35:28.2,35:28.2,John,Replaced filter and checked lubrication
MR289,A40,On REPAIR,35:28.2,35:28.2,Tony,Replaced filter and checked lubrication
MR290,A40,On REPAIR,35:28.2,35:28.2,John,Replaced filter and checked lubrication
MR291,A41,On REPAIR,35:28.2,35:28.2,Tony,Replaced filter and checked lubrication
MR292,A41,On REPAIR,35:28.2,35:28.2,Tony,Replaced filter and checked lubrication
MR293,A41,On REPAIR,35:28.2,35:28.2,John,Replaced filter and checked lubrication
MR294,A41,Spare Replacement,35:28.2,35:28.2,John,Replaced filter and checked lubrication
MR295,A41,Spare Replacement,35:28.2,35:28.2,Jane Smith,Replaced filter and checked lubrication
MR296,A41,On REPAIR,35:28.2,35:28.2,Jane Smith,Replaced filter and checked lubrication
MR297,A41,On REPAIR,35:28.2,35:28.2,Tony,Replaced filter and checked lubrication
MR298,A42,On REPAIR,35:28.2,35:28.2,John,Replaced filter and checked lubrication
MR299,A42,On REPAIR,35:28.2,35:28.2,Tony,Replaced filter and checked lubrication
MR300,A42,On REPAIR,35:28.2,35:28.2,Tony,Replaced filter and checked lubrication
MR301,A42,Spare Replacement,35:28.2,35:28.2,John,Replaced filter and checked lubrication
MR302,A42,On REPAIR,35:28.2,35:28.2,Jane Smith,Replaced filter and checked lubrication
MR303,A42,On REPAIR,35:28.2,35:28.2,Jane Smith,Replaced filter and checked lubrication
MR304,A42,On REPAIR,35:28.2,35:28.2,Jane Smith,Replaced filter and checked lubrication
MR305,A43,Spare Replacement,35:28.2,35:28.2,John,Replaced filter and checked lubrication
MR306,A43,On REPAIR,35:28.2,35:28.2,Tony,Replaced filter and checked lubrication
MR307,A43,On REPAIR,35:28.2,35:28.2,Tony,Replaced filter and checked lubrication
MR308,A43,On REPAIR,35:28.2,35:28.2,Tony,Replaced filter and checked lubrication
MR309,A43,On REPAIR,35:28.2,35:28.2,Tony,Replaced filter and checked lubrication
MR310,A43,On REPAIR,35:28.2,35:28.2,Jane Smith,Replaced filter and checked lubrication
MR311,A43,Spare Replacement,35:28.2,35:28.2,Jane Smith,Replaced filter and checked lubrication
MR312,A43,On REPAIR,35:28.2,35:28.2,Tony,Replaced filter and checked lubrication
MR313,A44,On REPAIR,35:28.2,35:28.2,Tony,Replaced filter and checked lubrication
MR314,A44,On REPAIR,35:28.2,35:28.2,Jane Smith,Replaced filter and checked lubrication
MR315,A44,On REPAIR,35:28.2,35:28.2,Jane Smith,Replaced filter and checked lubrication
MR316,A44,On REPAIR,35:28.2,35:28.2,John,Replaced filter and checked lubrication
MR317,A44,Spare Replacement,35:28.2,35:28.2,Tony,Replaced filter and checked lubrication
MR318,A44,On REPAIR,35:28.2,35:28.2,John,Replaced filter and checked lubrication
MR319,A44,On REPAIR,35:28.2,35:28.2,John,Replaced filter and checked lubrication
MR320,A44,On REPAIR,35:28.2,35:28.2,Jane Smith,Replaced filter and checked lubrication
MR321,A45,Spare Replacement,35:28.2,35:28.2,Jane Smith,Replaced filter and checked lubrication
MR322,A45,On REPAIR,35:28.2,35:28.2,Jane Smith,Replaced filter and checked lubrication
MR323,A45,On REPAIR,35:28.2,35:28.2,Tony,Replaced filter and checked lubrication
MR324,A45,On REPAIR,35:28.2,35:28.2,John,Replaced filter and checked lubrication
MR325,A45,Spare Replacement,35:28.2,35:28.2,John,Replaced filter and checked lubrication
MR326,A45,On REPAIR,35:28.2,35:28.2,Jane Smith,Replaced filter and checked lubrication
MR327,A46,Spare Replacement,35:28.2,35:28.2,John,Replaced filter and checked lubrication
MR328,A46,On REPAIR,35:28.2,35:28.2,Jane Smith,Replaced filter and checked lubrication
MR329,A46,On REPAIR,35:28.2,35:28.2,Tony,Replaced filter and checked lubrication
MR330,A46,Spare Replacement,35:28.2,35:28.2,Tony,Replaced filter and checked lubrication
MR331,A46,On REPAIR,35:28.2,35:28.2,John,Replaced filter and checked lubrication
MR332,A46,On REPAIR,35:28.2,35:28.2,Tony,Replaced filter and checked lubrication
MR333,A46,On REPAIR,35:28.2,35:28.2,John,Replaced filter and checked lubrication
MR334,A46,On REPAIR,35:28.2,35:28.2,John,Replaced filter and checked lubrication
MR335,A47,On REPAIR,35:28.2,35:28.2,Tony,Replaced filter and checked lubrication
MR336,A47,On REPAIR,35:28.2,35:28.2,Tony,Replaced filter and checked lubrication
MR337,A47,On REPAIR,35:28.2,35:28.2,John,Replaced filter and checked lubrication
MR338,A47,Spare Replacement,35:28.2,35:28.2,John,Replaced filter and checked lubrication
MR339,A47,On REPAIR,35:28.2,35:28.2,Tony,Replaced filter and checked lubrication
MR340,A47,On REPAIR,35:28.2,35:28.2,John,Replaced filter and checked lubrication
MR341,A47,On REPAIR,35:28.2,35:28.2,John,Replaced filter and checked lubrication
MR342,A47,On REPAIR,35:28.2,35:28.2,Tony,Replaced filter and checked lubrication
MR343,A48,Spare Replacement,35:28.2,35:28.2,Tony,Replaced filter and checked lubrication
MR344,A48,On REPAIR,35:28.2,35:28.2,John,Replaced filter and checked lubrication
MR345,A48,On REPAIR,35:28.2,35:28.2,Tony,Replaced filter and checked lubrication
MR346,A48,On REPAIR,35:28.2,35:28.2,Jane Smith,Replaced filter and checked lubrication
MR347,A48,Spare Replacement,35:28.2,35:28.2,Jane Smith,Replaced filter and checked lubrication
MR348,A48,On REPAIR,35:28.2,35:28.2,John,Replaced filter and checked lubrication
MR349,A48,On REPAIR,35:28.2,35:28.2,Jane Smith,Replaced filter and checked lubrication
MR350,A49,On REPAIR,35:28.2,35:28.2,John,Replaced filter and checked lubrication
MR351,A49,Spare Replacement,35:28.2,35:28.2,Tony,Replaced filter and checked lubrication
MR352,A49,On REPAIR,35:28.2,35:28.2,Jane Smith,Replaced filter and checked lubrication
MR353,A49,On REPAIR,35:28.2,35:28.2,Tony,Replaced filter and checked lubrication
MR354,A49,On REPAIR,35:28.2,35:28.2,Tony,Replaced filter and checked lubrication
MR355,A49,On REPAIR,35:28.2,35:28.2,Jane Smith,Replaced filter and checked lubrication
MR356,A49,On REPAIR,35:28.2,35:28.2,Jane Smith,Replaced filter and checked lubrication
MR357,A50,On REPAIR,35:28.2,35:28.2,John,Replaced filter and checked lubrication
MR358,A50,On REPAIR,35:28.2,35:28.2,John,Replaced filter and checked lubrication
MR359,A50,Spare Replacement,35:28.2,35:28.2,Jane Smith,Replaced filter and checked lubrication
MR360,A50,On REPAIR,35:28.2,35:28.2,John,Replaced filter and checked lubrication
MR361,A50,On REPAIR,35:28.2,35:28.2,Jane Smith,Replaced filter and checked lubrication
MR362,A50,On REPAIR,35:28.2,35:28.2,Jane Smith,Replaced filter and checked lubrication
MR363,A50,On REPAIR,35:28.2,35:28.2,Tony,Replaced filter and checked lubrication
MR364,A51,Spare Replacement,35:28.2,35:28.2,Tony,Replaced filter and checked lubrication
MR365,A51,Spare Replacement,35:28.2,35:28.2,Tony,Replaced filter and checked lubrication
MR366,A51,On REPAIR,35:28.2,35:28.2,Jane Smith,Replaced filter and checked lubrication
MR367,A51,On REPAIR,35:28.2,35:28.2,Tony,Replaced filter and checked lubrication
MR368,A51,On REPAIR,35:28.2,35:28.2,John,Replaced filter and checked lubrication
MR369,A51,On REPAIR,35:28.2,35:28.2,Tony,Replaced filter and checked lubrication
MR370,A51,On REPAIR,35:28.2,35:28.2,John,Replaced filter and checked lubrication
MR371,A52,On REPAIR,35:28.2,35:28.2,Jane Smith,Replaced filter and checked lubrication
MR372,A52,On REPAIR,35:28.2,35:28.2,Jane Smith,Replaced filter and checked lubrication
MR373,A52,On REPAIR,35:28.2,35:28.2,Tony,Replaced filter and checked lubrication
MR374,A53,On REPAIR,35:28.2,35:28.2,Jane Smith,Replaced filter and checked lubrication
MR375,A53,On REPAIR,35:28.2,35:28.2,Jane Smith,Replaced filter and checked lubrication
MR376,A53,On REPAIR,35:28.2,35:28.2,John,Replaced filter and checked lubrication
MR377,A53,On REPAIR,35:28.2,35:28.2,Jane Smith,Replaced filter and checked lubrication
MR378,A53,On REPAIR,35:28.2,35:28.2,John,Replaced filter and checked lubrication
MR379,A53,Spare Replacement,35:28.2,35:28.2,Jane Smith,Replaced filter and checked lubrication
MR380,A53,Spare Replacement,35:28.2,35:28.2,Jane Smith,Replaced filter and checked lubrication
MR381,A54,On REPAIR,35:28.2,35:28.2,Jane Smith,Replaced filter and checked lubrication
MR382,A54,On REPAIR,35:28.2,35:28.2,John,Replaced filter and checked lubrication
MR383,A54,On REPAIR,35:28.2,35:28.2,Jane Smith,Replaced filter and checked lubrication
MR384,A54,On REPAIR,35:28.2,35:28.2,Jane Smith,Replaced filter and checked lubrication
MR385,A54,On REPAIR,35:28.2,35:28.2,Jane Smith,Replaced filter and checked lubrication
MR386,A54,On REPAIR,35:28.2,35:28.2,John,Replaced filter and checked lubrication
MR387,A54,On REPAIR,35:28.2,35:28.2,Jane Smith,Replaced filter and checked lubrication
MR388,A54,On REPAIR,35:28.2,35:28.2,Jane Smith,Replaced filter and checked lubrication
MR389,A55,On REPAIR,35:28.2,35:28.2,John,Replaced filter and checked lubrication
MR390,A55,On REPAIR,35:28.2,35:28.2,Tony,Replaced filter and checked lubrication
MR391,A55,On REPAIR,35:28.2,35:28.2,John,Replaced filter and checked lubrication
MR392,A55,Spare Replacement,35:28.2,35:28.2,Jane Smith,Replaced filter and checked lubrication
MR393,A55,Spare Replacement,35:28.2,35:28.2,Tony,Replaced filter and checked lubrication
MR394,A55,On REPAIR,35:28.2,35:28.2,John,Replaced filter and checked lubrication
MR395,A55,On REPAIR,35:28.2,35:28.2,Tony,Replaced filter and checked lubrication
MR396,A55,On REPAIR,35:28.2,35:28.2,Jane Smith,Replaced filter and checked lubrication
MR397,A55,On REPAIR,35:28.2,35:28.2,Jane Smith,Replaced filter and checked lubrication
MR398,A56,On REPAIR,35:28.2,35:28.2,Tony,Replaced filter and checked lubrication
MR399,A56,On REPAIR,35:28.2,35:28.2,Jane Smith,Replaced filter and checked lubrication
MR400,A56,On REPAIR,35:28.2,35:28.2,John,Replaced filter and checked lubrication
MR401,A57,Spare Replacement,35:28.2,35:28.2,Jane Smith,Replaced filter and checked lubrication
MR402,A57,On REPAIR,35:28.2,35:28.2,Jane Smith,Replaced filter and checked lubrication
MR403,A57,On REPAIR,35:28.2,35:28.2,Jane Smith,Replaced filter and checked lubrication
MR404,A57,On REPAIR,35:28.2,35:28.2,Jane Smith,Replaced filter and checked lubrication
MR405,A57,Spare Replacement,35:28.2,35:28.2,John,Replaced filter and checked lubrication
MR406,A57,On REPAIR,35:28.2,35:28.2,John,Replaced filter and checked lubrication
MR407,A57,On REPAIR,35:28.2,35:28.2,Jane Smith,Replaced filter and checked lubrication
MR408,A57,On REPAIR,35:28.2,35:28.2,John,Replaced filter and checked lubrication
MR409,A57,On REPAIR,35:28.2,35:28.2,Jane Smith,Replaced filter and checked lubrication
MR410,A58,On REPAIR,35:28.2,35:28.2,John,Replaced filter and checked lubrication
MR411,A58,Spare Replacement,35:28.2,35:28.2,Jane Smith,Replaced filter and checked lubrication
MR412,A58,On REPAIR,35:28.2,35:28.2,Jane Smith,Replaced filter and checked lubrication
MR413,A58,On REPAIR,35:28.2,35:28.2,Jane Smith,Replaced filter and checked lubrication
MR414,A58,On REPAIR,35:28.2,35:28.2,John,Replaced filter and checked lubrication
MR415,A58,On REPAIR,35:28.2,35:28.2,John,Replaced filter and checked lubrication
MR416,A58,On REPAIR,35:28.2,35:28.2,John,Replaced filter and checked lubrication
MR417,A59,Spare Replacement,35:28.2,35:28.2,Tony,Replaced filter and checked lubrication
MR418,A59,On REPAIR,35:28.2,35:28.2,Tony,Replaced filter and checked lubrication
MR419,A59,On REPAIR,35:28.2,35:28.2,Jane Smith,Replaced filter and checked lubrication
MR420,A59,On REPAIR,35:28.2,35:28.2,Jane Smith,Replaced filter and checked lubrication
MR421,A59,Spare Replacement,35:28.2,35:28.2,Tony,Replaced filter and checked lubrication
MR422,A59,On REPAIR,35:28.2,35:28.2,John,Replaced filter and checked lubrication
MR423,A59,On REPAIR,35:28.2,35:28.2,Tony,Replaced filter and checked lubrication
MR424,A59,On REPAIR,35:28.2,35:28.2,Tony,Replaced filter and checked lubrication
MR425,A59,Spare Replacement,35:28.2,35:28.2,Jane Smith,Replaced filter and checked lubrication
MR426,A60,On REPAIR,35:28.2,35:28.2,Tony,Replaced filter and checked lubrication
MR427,A60,Spare Replacement,35:28.2,35:28.2,Tony,Replaced filter and checked lubrication
MR428,A60,On REPAIR,35:28.2,35:28.2,Jane Smith,Replaced filter and checked lubrication
MR429,A60,On REPAIR,35:28.2,35:28.2,Jane Smith,Replaced filter and checked lubrication
MR430,A60,Spare Replacement,35:28.2,35:28.2,John,Replaced filter and checked lubrication
MR431,A60,On REPAIR,35:28.2,35:28.2,Tony,Replaced filter and checked lubrication
MR432,A60,On REPAIR,35:28.2,35:28.2,Jane Smith,Replaced filter and checked lubrication
MR433,A61,On REPAIR,35:28.2,35:28.2,Tony,Replaced filter and checked lubrication
MR434,A61,On REPAIR,35:28.2,35:28.2,John,Replaced filter and checked lubrication
MR435,A61,On REPAIR,35:28.2,35:28.2,Tony,Replaced filter and checked lubrication
MR436,A61,On REPAIR,35:28.2,35:28.2,Jane Smith,Replaced filter and checked lubrication
MR437,A61,On REPAIR,35:28.2,35:28.2,Jane Smith,Replaced filter and checked lubrication
MR438,A61,Spare Replacement,35:28.2,35:28.2,John,Replaced filter and checked lubrication
MR439,A61,On REPAIR,35:28.2,35:28.2,Tony,Replaced filter and checked lubrication
MR440,A61,On REPAIR,35:28.2,35:28.2,Tony,Replaced filter and checked lubrication
MR441,A62,On REPAIR,35:28.2,35:28.2,Jane Smith,Replaced filter and checked lubrication
MR442,A62,On REPAIR,35:28.2,35:28.2,Jane Smith,Replaced filter and checked lubrication
MR443,A62,Spare Replacement,35:28.2,35:28.2,Tony,Replaced filter and checked lubrication
MR444,A62,On REPAIR,35:28.2,35:28.2,Tony,Replaced filter and checked lubrication
MR445,A62,On REPAIR,35:28.2,35:28.2,Tony,Replaced filter and checked lubrication
MR446,A62,On REPAIR,35:28.2,35:28.2,Jane Smith,Replaced filter and checked lubrication
MR447,A62,Spare Replacement,35:28.2,35:28.2,Tony,Replaced filter and checked lubrication
MR448,A62,On REPAIR,35:28.2,35:28.2,Jane Smith,Replaced filter and checked lubrication
MR449,A62,On REPAIR,35:28.2,35:28.2,Tony,Replaced filter and checked lubrication
MR450,A63,On REPAIR,35:28.2,35:28.2,John,Replaced filter and checked lubrication
MR451,A63,Spare Replacement,35:28.2,35:28.2,John,Replaced filter and checked lubrication
MR452,A63,On REPAIR,35:28.2,35:28.2,Jane Smith,Replaced filter and checked lubrication
MR453,A63,On REPAIR,35:28.2,35:28.2,Tony,Replaced filter and checked lubrication
MR454,A63,On REPAIR,35:28.2,35:28.2,John,Replaced filter and checked lubrication
MR455,A63,On REPAIR,35:28.2,35:28.2,John,Replaced filter and checked lubrication
MR456,A63,On REPAIR,35:28.2,35:28.2,Jane Smith,Replaced filter and checked lubrication
MR457,A63,On REPAIR,35:28.2,35:28.2,John,Replaced filter and checked lubrication
MR458,A63,On REPAIR,35:28.2,35:28.2,Tony,Replaced filter and checked lubrication
MR459,A64,Spare Replacement,35:28.2,35:28.2,Tony,Replaced filter and checked lubrication
MR460,A64,On REPAIR,35:28.2,35:28.2,John,Replaced filter and checked lubrication
MR461,A64,On REPAIR,35:28.2,35:28.2,Jane Smith,Replaced filter and checked lubrication
MR462,A64,On REPAIR,35:28.2,35:28.2,John,Replaced filter and checked lubrication
MR463,A64,On REPAIR,35:28.2,35:28.2,John,Replaced filter and checked lubrication
MR464,A64,Spare Replacement,35:28.2,35:28.2,John,Replaced filter and checked lubrication
MR465,A64,Spare Replacement,35:28.2,35:28.2,Jane Smith,Replaced filter and checked lubrication
MR466,A64,On REPAIR,35:28.2,35:28.2,Tony,Replaced filter and checked lubrication
MR467,A65,On REPAIR,35:28.2,35:28.2,Jane Smith,Replaced filter and checked lubrication
MR468,A65,On REPAIR,35:28.2,35:28.2,Tony,Replaced filter and checked lubrication
MR469,A65,On REPAIR,35:28.2,35:28.2,Jane Smith,Replaced filter and checked lubrication
MR470,A65,On REPAIR,35:28.2,35:28.2,Jane Smith,Replaced filter and checked lubrication
MR471,A65,On REPAIR,35:28.2,35:28.2,John,Replaced filter and checked lubrication
MR472,A65,On REPAIR,35:28.2,35:28.2,Tony,Replaced filter and checked lubrication
MR473,A65,On REPAIR,35:28.2,35:28.2,Jane Smith,Replaced filter and checked lubrication
MR474,A66,On REPAIR,35:28.2,35:28.2,John,Replaced filter and checked lubrication
MR475,A66,On REPAIR,35:28.2,35:28.2,Tony,Replaced filter and checked lubrication
MR476,A66,On REPAIR,35:28.2,35:28.2,Jane Smith,Replaced filter and checked lubrication
MR477,A66,On REPAIR,35:28.2,35:28.2,Tony,Replaced filter and checked lubrication
MR478,A66,On REPAIR,35:28.2,35:28.2,Tony,Replaced filter and checked lubrication
MR479,A66,Spare Replacement,35:28.2,35:28.2,Jane Smith,Replaced filter and checked lubrication
MR480,A66,Spare Replacement,35:28.2,35:28.2,Tony,Replaced filter and checked lubrication
MR481,A66,On REPAIR,35:28.2,35:28.2,John,Replaced filter and checked lubrication
MR482,A67,On REPAIR,35:28.2,35:28.2,John,Replaced filter and checked lubrication
MR483,A67,On REPAIR,35:28.2,35:28.2,John,Replaced filter and checked lubrication
MR484,A67,On REPAIR,35:28.2,35:28.2,Jane Smith,Replaced filter and checked lubrication
MR485,A67,On REPAIR,35:28.2,35:28.2,Jane Smith,Replaced filter and checked lubrication
MR486,A67,On REPAIR,35:28.2,35:28.2,Jane Smith,Replaced filter and checked lubrication
MR487,A67,On REPAIR,35:28.2,35:28.2,John,Replaced filter and checked lubrication
MR488,A67,On REPAIR,35:28.2,35:28.2,Jane Smith,Replaced filter and checked lubrication
MR489,A67,On REPAIR,35:28.2,35:28.2,John,Replaced filter and checked lubrication
MR490,A67,On REPAIR,35:28.2,35:28.2,Jane Smith,Replaced filter and checked lubrication
MR491,A68,On REPAIR,35:28.2,35:28.2,John,Replaced filter and checked lubrication
MR492,A68,Spare Replacement,35:28.2,35:28.2,John,Replaced filter and checked lubrication
MR493,A68,Spare Replacement,35:28.2,35:28.2,John,Replaced filter and checked lubrication
MR494,A68,On REPAIR,35:28.2,35:28.2,Tony,Replaced filter and checked lubrication
MR495,A68,On REPAIR,35:28.2,35:28.2,Jane Smith,Replaced filter and checked lubrication
MR496,A68,On REPAIR,35:28.2,35:28.2,Jane Smith,Replaced filter and checked lubrication
MR497,A68,On REPAIR,35:28.2,35:28.2,Tony,Replaced filter and checked lubrication
MR498,A68,On REPAIR,35:28.2,35:28.2,Tony,Replaced filter and checked lubrication
MR499,A69,Spare Replacement,35:28.2,35:28.2,Jane Smith,Replaced filter and checked lubrication
MR500,A69,On REPAIR,35:28.2,35:28.2,John,Replaced filter and checked lubrication
MR501,A69,On REPAIR,35:28.2,35:28.2,Jane Smith,Replaced filter and checked lubrication
MR502,A69,On REPAIR,35:28.2,35:28.2,Tony,Replaced filter and checked lubrication
MR503,A69,Spare Replacement,35:28.2,35:28.2,Jane Smith,Replaced filter and checked lubrication
MR504,A69,On REPAIR,35:28.2,35:28.2,John,Replaced filter and checked lubrication
MR505,A69,On REPAIR,35:28.2,35:28.2,Tony,Replaced filter and checked lubrication
MR506,A69,On REPAIR,35:28.2,35:28.2,John,Replaced filter and checked lubrication
MR507,A69,On REPAIR,35:28.2,35:28.2,John,Replaced filter and checked lubrication
MR508,A70,On REPAIR,35:28.2,35:28.2,Tony,Replaced filter and checked lubrication
MR509,A70,Spare Replacement,35:28.2,35:28.2,Jane Smith,Replaced filter and checked lubrication
MR510,A70,On REPAIR,35:28.2,35:28.2,John,Replaced filter and checked lubrication
MR511,A70,On REPAIR,35:28.2,35:28.2,Tony,Replaced filter and checked lubrication
MR512,A70,On REPAIR,35:28.2,35:28.2,Tony,Replaced filter and checked lubrication
MR513,A70,On REPAIR,35:28.2,35:28.2,Tony,Replaced filter and checked lubrication
MR514,A71,On REPAIR,35:28.2,35:28.2,Tony,Replaced filter and checked lubrication
MR515,A71,Spare Replacement,35:28.2,35:28.2,Tony,Replaced filter and checked lubrication
MR516,A71,On REPAIR,35:28.2,35:28.2,Tony,Replaced filter and checked lubrication
MR517,A71,On REPAIR,35:28.2,35:28.2,Jane Smith,Replaced filter and checked lubrication
MR518,A71,On REPAIR,35:28.2,35:28.2,Jane Smith,Replaced filter and checked lubrication
MR519,A71,Spare Replacement,35:28.2,35:28.2,Jane Smith,Replaced filter and checked lubrication
MR520,A71,On REPAIR,35:28.2,35:28.2,John,Replaced filter and checked lubrication
MR521,A72,On REPAIR,35:28.2,35:28.2,Jane Smith,Replaced filter and checked lubrication
MR522,A72,On REPAIR,35:28.2,35:28.2,Jane Smith,Replaced filter and checked lubrication
MR523,A72,Spare Replacement,35:28.2,35:28.2,John,Replaced filter and checked lubrication
MR524,A72,On REPAIR,35:28.2,35:28.2,Jane Smith,Replaced filter and checked lubrication
MR525,A72,Spare Replacement,35:28.2,35:28.2,John,Replaced filter and checked lubrication
MR526,A72,On REPAIR,35:28.2,35:28.2,Tony,Replaced filter and checked lubrication
MR527,A72,On REPAIR,35:28.2,35:28.2,Jane Smith,Replaced filter and checked lubrication
MR528,A72,Spare Replacement,35:28.2,35:28.2,John,Replaced filter and checked lubrication
MR529,A72,On REPAIR,35:28.2,35:28.2,Jane Smith,Replaced filter and checked lubrication
MR530,A73,On REPAIR,35:28.2,35:28.2,Jane Smith,Replaced filter and checked lubrication
MR531,A73,On REPAIR,35:28.2,35:28.2,Jane Smith,Replaced filter and checked lubrication
MR532,A73,On REPAIR,35:28.2,35:28.2,Jane Smith,Replaced filter and checked lubrication
MR533,A73,On REPAIR,35:28.2,35:28.2,Jane Smith,Replaced filter and checked lubrication
MR534,A73,On REPAIR,35:28.2,35:28.2,Tony,Replaced filter and checked lubrication
MR535,A73,On REPAIR,35:28.2,35:28.2,Tony,Replaced filter and checked lubrication
MR536,A73,Spare Replacement,35:28.2,35:28.2,Tony,Replaced filter and checked lubrication
MR537,A73,On REPAIR,35:28.2,35:28.2,Tony,Replaced filter and checked lubrication
MR538,A73,On REPAIR,35:28.2,35:28.2,Tony,Replaced filter and checked lubrication
MR539,A74,On REPAIR,35:28.2,35:28.2,Jane Smith,Replaced filter and checked lubrication
MR540,A74,On REPAIR,35:28.2,35:28.2,Tony,Replaced filter and checked lubrication
MR541,A74,Spare Replacement,35:28.2,35:28.2,Tony,Replaced filter and checked lubrication
MR542,A74,On REPAIR,35:28.2,35:28.2,Jane Smith,Replaced filter and checked lubrication
MR543,A74,On REPAIR,35:28.2,35:28.2,Jane Smith,Replaced filter and checked lubrication
MR544,A74,On REPAIR,35:28.2,35:28.2,Jane Smith,Replaced filter and checked lubrication
MR545,A74,Spare Replacement,35:28.2,35:28.2,Jane Smith,Replaced filter and checked lubrication
MR546,A74,On REPAIR,35:28.2,35:28.2,Jane Smith,Replaced filter and checked lubrication
MR547,A74,On REPAIR,35:28.2,35:28.2,John,Replaced filter and checked lubrication
MR548,A75,On REPAIR,35:28.2,35:28.2,John,Replaced filter and checked lubrication
MR549,A75,Spare Replacement,35:28.2,35:28.2,Jane Smith,Replaced filter and checked lubrication
MR550,A75,On REPAIR,35:28.2,35:28.2,Jane Smith,Replaced filter and checked lubrication
MR551,A75,On REPAIR,35:28.2,35:28.2,John,Replaced filter and checked lubrication
MR552,A75,On REPAIR,35:28.2,35:28.2,Jane Smith,Replaced filter and checked lubrication
MR553,A75,On REPAIR,35:28.2,35:28.2,Tony,Replaced filter and checked lubrication
MR554,A75,On REPAIR,35:28.2,35:28.2,Jane Smith,Replaced filter and checked lubrication
MR555,A75,On REPAIR,35:28.2,35:28.2,Jane Smith,Replaced filter and checked lubrication
MR556,A76,On REPAIR,35:28.2,35:28.2,Jane Smith,Replaced filter and checked lubrication
MR557,A76,Spare Replacement,35:28.2,35:28.2,Jane Smith,Replaced filter and checked lubrication
MR558,A76,On REPAIR,35:28.2,35:28.2,Jane Smith,Replaced filter and checked lubrication
MR559,A76,On REPAIR,35:28.2,35:28.2,Tony,Replaced filter and checked lubrication
MR560,A76,On REPAIR,35:28.2,35:28.2,Jane Smith,Replaced filter and checked lubrication
MR561,A76,On REPAIR,35:28.2,35:28.2,Jane Smith,Replaced filter and checked lubrication
MR562,A76,Spare Replacement,35:28.2,35:28.2,John,Replaced filter and checked lubrication
MR563,A76,Spare Replacement,35:28.2,35:28.2,Jane Smith,Replaced filter and checked lubrication
MR564,A76,On REPAIR,35:28.2,35:28.2,Tony,Replaced filter and checked lubrication
MR565,A77,On REPAIR,35:28.2,35:28.2,John,Replaced filter and checked lubrication
MR566,A77,On REPAIR,35:28.2,35:28.2,John,Replaced filter and checked lubrication
MR567,A77,On REPAIR,35:28.2,35:28.2,John,Replaced filter and checked lubrication
MR568,A77,On REPAIR,35:28.2,35:28.2,Jane Smith,Replaced filter and checked lubrication
MR569,A77,On REPAIR,35:28.2,35:28.2,Jane Smith,Replaced filter and checked lubrication
MR570,A77,On REPAIR,35:28.2,35:28.2,Jane Smith,Replaced filter and checked lubrication
MR571,A77,On REPAIR,35:28.2,35:28.2,Tony,Replaced filter and checked lubrication
MR572,A77,On REPAIR,35:28.2,35:28.2,John,Replaced filter and checked lubrication
MR573,A78,On REPAIR,35:28.2,35:28.2,Tony,Replaced filter and checked lubrication
MR574,A78,On REPAIR,35:28.2,35:28.2,John,Replaced filter and checked lubrication
MR575,A78,On REPAIR,35:28.2,35:28.2,Jane Smith,Replaced filter and checked lubrication
MR576,A78,On REPAIR,35:28.2,35:28.2,Jane Smith,Replaced filter and checked lubrication
MR577,A78,Spare Replacement,35:28.2,35:28.2,John,Replaced filter and checked lubrication
MR578,A78,Spare Replacement,35:28.2,35:28.2,John,Replaced filter and checked lubrication
MR579,A78,On REPAIR,35:28.2,35:28.2,John,Replaced filter and checked lubrication
MR580,A78,On REPAIR,35:28.2,35:28.2,Tony,Replaced filter and checked lubrication
MR581,A79,On REPAIR,35:28.2,35:28.2,Tony,Replaced filter and checked lubrication
MR582,A79,On REPAIR,35:28.2,35:28.2,John,Replaced filter and checked lubrication
MR583,A79,On REPAIR,35:28.2,35:28.2,John,Replaced filter and checked lubrication
MR584,A79,On REPAIR,35:28.2,35:28.2,Jane Smith,Replaced filter and checked lubrication
MR585,A79,On REPAIR,35:28.2,35:28.2,Tony,Replaced filter and checked lubrication
MR586,A79,On REPAIR,35:28.2,35:28.2,Jane Smith,Replaced filter and checked lubrication
MR587,A79,On REPAIR,35:28.2,35:28.2,Jane Smith,Replaced filter and checked lubrication
MR588,A79,On REPAIR,35:28.2,35:28.2,John,Replaced filter and checked lubrication
MR589,A80,On REPAIR,35:28.2,35:28.2,Jane Smith,Replaced filter and checked lubrication
MR590,A80,Spare Replacement,35:28.2,35:28.2,Jane Smith,Replaced filter and checked lubrication
MR591,A80,Spare Replacement,35:28.2,35:28.2,Jane Smith,Replaced filter and checked lubrication
MR592,A80,On REPAIR,35:28.2,35:28.2,Tony,Replaced filter and checked lubrication
MR593,A80,On REPAIR,35:28.2,35:28.2,John,Replaced filter and checked lubrication
MR594,A80,On REPAIR,35:28.2,35:28.2,Jane Smith,Replaced filter and checked lubrication
MR595,A80,Spare Replacement,35:28.2,35:28.2,Jane Smith,Replaced filter and checked lubrication
MR596,A80,On REPAIR,35:28.2,35:28.2,Jane Smith,Replaced filter and checked lubrication
MR597,A81,On REPAIR,35:28.2,35:28.2,Tony,Replaced filter and checked lubrication
MR598,A81,On REPAIR,35:28.2,35:28.2,John,Replaced filter and checked lubrication
MR599,A81,Spare Replacement,35:28.2,35:28.2,Tony,Replaced filter and checked lubrication
MR600,A81,On REPAIR,35:28.2,35:28.2,Jane Smith,Replaced filter and checked lubrication
MR601,A81,On REPAIR,35:28.2,35:28.2,John,Replaced filter and checked lubrication
MR602,A81,On REPAIR,35:28.2,35:28.2,Jane Smith,Replaced filter and checked lubrication
MR603,A81,On REPAIR,35:28.2,35:28.2,Jane Smith,Replaced filter and checked lubrication
MR604,A81,On REPAIR,35:28.2,35:28.2,Tony,Replaced filter and checked lubrication
MR605,A82,Spare Replacement,35:28.2,35:28.2,John,Replaced filter and checked lubrication
MR606,A82,On REPAIR,35:28.2,35:28.2,Jane Smith,Replaced filter and checked lubrication
MR607,A82,On REPAIR,35:28.2,35:28.2,Tony,Replaced filter and checked lubrication
MR608,A82,On REPAIR,35:28.2,35:28.2,Jane Smith,Replaced filter and checked lubrication
MR609,A82,On REPAIR,35:28.2,35:28.2,Tony,Replaced filter and checked lubrication
MR610,A82,On REPAIR,35:28.2,35:28.2,John,Replaced filter and checked lubrication
MR611,A83,Spare Replacement,35:28.2,35:28.2,Jane Smith,Replaced filter and checked lubrication
MR612,A83,On REPAIR,35:28.2,35:28.2,John,Replaced filter and checked lubrication
MR613,A83,On REPAIR,35:28.2,35:28.2,Tony,Replaced filter and checked lubrication
MR614,A83,On REPAIR,35:28.2,35:28.2,Tony,Replaced filter and checked lubrication
MR615,A83,Spare Replacement,35:28.2,35:28.2,Jane Smith,Replaced filter and checked lubrication
MR616,A83,On REPAIR,35:28.2,35:28.2,John,Replaced filter and checked lubrication
MR617,A83,On REPAIR,35:28.2,35:28.2,John,Replaced filter and checked lubrication
MR618,A84,On REPAIR,35:28.2,35:28.2,Tony,Replaced filter and checked lubrication
MR619,A84,Spare Replacement,35:28.2,35:28.2,Jane Smith,Replaced filter and checked lubrication
MR620,A84,On REPAIR,35:28.2,35:28.2,Jane Smith,Replaced filter and checked lubrication
MR621,A84,Spare Replacement,35:28.2,35:28.2,John,Replaced filter and checked lubrication
MR622,A84,On REPAIR,35:28.2,35:28.2,Tony,Replaced filter and checked lubrication
MR623,A84,On REPAIR,35:28.2,35:28.2,Tony,Replaced filter and checked lubrication
MR624,A84,Spare Replacement,35:28.2,35:28.2,John,Replaced filter and checked lubrication
MR625,A84,On REPAIR,35:28.2,35:28.2,Jane Smith,Replaced filter and checked lubrication
MR626,A84,On REPAIR,35:28.2,35:28.2,John,Replaced filter and checked lubrication
MR627,A85,On REPAIR,35:28.2,35:28.2,John,Replaced filter and checked lubrication
MR628,A85,On REPAIR,35:28.2,35:28.2,John,Replaced filter and checked lubrication
MR629,A85,On REPAIR,35:28.2,35:28.2,John,Replaced filter and checked lubrication
MR630,A85,On REPAIR,35:28.2,35:28.2,John,Replaced filter and checked lubrication
MR631,A85,On REPAIR,35:28.2,35:28.2,Tony,Replaced filter and checked lubrication
MR632,A85,Spare Replacement,35:28.2,35:28.2,Jane Smith,Replaced filter and checked lubrication
MR633,A85,On REPAIR,35:28.2,35:28.2,Tony,Replaced filter and checked lubrication
MR634,A85,On REPAIR,35:28.2,35:28.2,Tony,Replaced filter and checked lubrication
MR635,A86,On REPAIR,35:28.2,35:28.2,Tony,Replaced filter and checked lubrication
MR636,A86,On REPAIR,35:28.2,35:28.2,Jane Smith,Replaced filter and checked lubrication
MR637,A86,Spare Replacement,35:28.2,35:28.2,John,Replaced filter and checked lubrication
MR638,A86,On REPAIR,35:28.2,35:28.2,Tony,Replaced filter and checked lubrication
MR639,A86,On REPAIR,35:28.2,35:28.2,Jane Smith,Replaced filter and checked lubrication
MR640,A86,On REPAIR,35:28.2,35:28.2,Tony,Replaced filter and checked lubrication
MR641,A86,Spare Replacement,35:28.2,35:28.2,John,Replaced filter and checked lubrication
MR642,A86,On REPAIR,35:28.2,35:28.2,Jane Smith,Replaced filter and checked lubrication
MR643,A86,On REPAIR,35:28.2,35:28.2,Tony,Replaced filter and checked lubrication
MR644,A87,On REPAIR,35:28.2,35:28.2,John,Replaced filter and checked lubrication
MR645,A87,Spare Replacement,35:28.2,35:28.2,Jane Smith,Replaced filter and checked lubrication
MR646,A87,On REPAIR,35:28.2,35:28.2,Jane Smith,Replaced filter and checked lubrication
MR647,A87,On REPAIR,35:28.2,35:28.2,Tony,Replaced filter and checked lubrication
MR648,A87,On REPAIR,35:28.2,35:28.2,John,Replaced filter and checked lubrication
MR649,A87,On REPAIR,35:28.2,35:28.2,Jane Smith,Replaced filter and checked lubrication
MR650,A87,On REPAIR,35:28.2,35:28.2,John,Replaced filter and checked lubrication
MR651,A88,On REPAIR,35:28.2,35:28.2,John,Replaced filter and checked lubrication
MR652,A88,On REPAIR,35:28.2,35:28.2,Tony,Replaced filter and checked lubrication
MR653,A89,Spare Replacement,35:28.2,35:28.2,Jane Smith,Replaced filter and checked lubrication
MR654,A89,On REPAIR,35:28.2,35:28.2,Tony,Replaced filter and checked lubrication
MR655,A89,On REPAIR,35:28.2,35:28.2,Jane Smith,Replaced filter and checked lubrication
MR656,A89,On REPAIR,35:28.2,35:28.2,Jane Smith,Replaced filter and checked lubrication
MR657,A89,On REPAIR,35:28.2,35:28.2,Jane Smith,Replaced filter and checked lubrication
MR658,A89,Spare Replacement,35:28.2,35:28.2,John,Replaced filter and checked lubrication
MR659,A90,Spare Replacement,35:28.2,35:28.2,John,Replaced filter and checked lubrication
MR660,A90,On REPAIR,35:28.2,35:28.2,Jane Smith,Replaced filter and checked lubrication
MR661,A90,On REPAIR,35:28.2,35:28.2,Tony,Replaced filter and checked lubrication
MR662,A90,On REPAIR,35:28.2,35:28.2,Jane Smith,Replaced filter and checked lubrication
MR663,A90,On REPAIR,35:28.2,35:28.2,John,Replaced filter and checked lubrication
MR664,A90,On REPAIR,35:28.2,35:28.2,Tony,Replaced filter and checked lubrication
MR665,A90,On REPAIR,35:28.2,35:28.2,Jane Smith,Replaced filter and checked lubrication
MR666,A91,On REPAIR,35:28.2,35:28.2,Jane Smith,Replaced filter and checked lubrication
MR667,A91,On REPAIR,35:28.2,35:28.2,John,Replaced filter and checked lubrication
MR668,A91,On REPAIR,35:28.2,35:28.2,Jane Smith,Replaced filter and checked lubrication
MR669,A91,On REPAIR,35:28.2,35:28.2,Tony,Replaced filter and checked lubrication
MR670,A91,On REPAIR,35:28.2,35:28.2,Tony,Replaced filter and checked lubrication
MR671,A91,On REPAIR,35:28.2,35:28.2,Tony,Replaced filter and checked lubrication
MR672,A91,On REPAIR,35:28.2,35:28.2,Tony,Replaced filter and checked lubrication
MR673,A92,Spare Replacement,35:28.2,35:28.2,Tony,Replaced filter and checked lubrication
MR674,A92,Spare Replacement,35:28.2,35:28.2,Tony,Replaced filter and checked lubrication
MR675,A92,On REPAIR,35:28.2,35:28.2,Jane Smith,Replaced filter and checked lubrication
MR676,A92,On REPAIR,35:28.2,35:28.2,Tony,Replaced filter and checked lubrication
MR677,A92,On REPAIR,35:28.2,35:28.2,Jane Smith,Replaced filter and checked lubrication
MR678,A92,On REPAIR,35:28.2,35:28.2,John,Replaced filter and checked lubrication
MR679,A93,On REPAIR,35:28.2,35:28.2,Jane Smith,Replaced filter and checked lubrication
MR680,A93,On REPAIR,35:28.2,35:28.2,Jane Smith,Replaced filter and checked lubrication
MR681,A93,On REPAIR,35:28.2,35:28.2,John,Replaced filter and checked lubrication
MR682,A93,On REPAIR,35:28.2,35:28.2,Tony,Replaced filter and checked lubrication
MR683,A93,On REPAIR,35:28.2,35:28.2,John,Replaced filter and checked lubrication
MR684,A93,On REPAIR,35:28.2,35:28.2,Jane Smith,Replaced filter and checked lubrication
MR685,A93,On REPAIR,35:28.2,35:28.2,Jane Smith,Replaced filter and checked lubrication
MR686,A93,Spare Replacement,35:28.2,35:28.2,Tony,Replaced filter and checked lubrication
MR687,A94,Spare Replacement,35:28.2,35:28.2,Tony,Replaced filter and checked lubrication
MR688,A94,On REPAIR,35:28.2,35:28.2,Jane Smith,Replaced filter and checked lubrication
MR689,A94,Spare Replacement,35:28.2,35:28.2,John,Replaced filter and checked lubrication
MR690,A94,On REPAIR,35:28.2,35:28.2,John,Replaced filter and checked lubrication
MR691,A94,Spare Replacement,35:28.2,35:28.2,Tony,Replaced filter and checked lubrication
MR692,A94,On REPAIR,35:28.2,35:28.2,Tony,Replaced filter and checked lubrication
MR693,A95,Spare Replacement,35:28.2,35:28.2,Jane Smith,Replaced filter and checked lubrication
MR694,A95,On REPAIR,35:28.2,35:28.2,Jane Smith,Replaced filter and checked lubrication
MR695,A95,On REPAIR,35:28.2,35:28.2,John,Replaced filter and checked lubrication
MR696,A95,On REPAIR,35:28.2,35:28.2,Tony,Replaced filter and checked lubrication
MR697,A96,On REPAIR,35:28.2,35:28.2,John,Replaced filter and checked lubrication
MR698,A96,On REPAIR,35:28.2,35:28.2,Jane Smith,Replaced filter and checked lubrication
MR699,A96,Spare Replacement,35:28.2,35:28.2,Jane Smith,Replaced filter and checked lubrication
MR700,A96,On REPAIR,35:28.2,35:28.2,Tony,Replaced filter and checked lubrication
MR701,A96,On REPAIR,35:28.2,35:28.2,Tony,Replaced filter and checked lubrication
MR702,A96,On REPAIR,35:28.2,35:28.2,John,Replaced filter and checked lubrication
MR703,A96,On REPAIR,35:28.2,35:28.2,John,Replaced filter and checked lubrication
MR704,A96,On REPAIR,35:28.2,35:28.2,John,Replaced filter and checked lubrication
MR705,A96,Spare Replacement,35:28.2,35:28.2,Tony,Replaced filter and checked lubrication
MR706,A97,On REPAIR,35:28.2,35:28.2,Tony,Replaced filter and checked lubrication
MR707,A97,On REPAIR,35:28.2,35:28.2,Tony,Replaced filter and checked lubrication
MR708,A97,On REPAIR,35:28.2,35:28.2,Tony,Replaced filter and checked lubrication
MR709,A98,Spare Replacement,35:28.2,35:28.2,Tony,Replaced filter and checked lubrication
MR710,A98,On REPAIR,35:28.2,35:28.2,Tony,Replaced filter and checked lubrication
MR711,A98,On REPAIR,35:28.2,35:28.2,John,Replaced filter and checked lubrication
MR712,A98,On REPAIR,35:28.2,35:28.2,Jane Smith,Replaced filter and checked lubrication
MR713,A98,Spare Replacement,35:28.2,35:28.2,John,Replaced filter and checked lubrication
MR714,A98,On REPAIR,35:28.2,35:28.2,Jane Smith,Replaced filter and checked lubrication
MR715,A98,Spare Replacement,35:28.2,35:28.2,John,Replaced filter and checked lubrication
MR716,A98,On REPAIR,35:28.2,35:28.2,Jane Smith,Replaced filter and checked lubrication
MR717,A98,On REPAIR,35:28.2,35:28.2,Tony,Replaced filter and checked lubrication
MR718,A99,Spare Replacement,35:28.2,35:28.2,John,Replaced filter and checked lubrication
MR719,A99,On REPAIR,35:28.2,35:28.2,Jane Smith,Replaced filter and checked lubrication
MR720,A99,On REPAIR,35:28.2,35:28.2,Jane Smith,Replaced filter and checked lubrication
MR721,A99,On REPAIR,35:28.2,35:28.2,John,Replaced filter and checked lubrication
MR722,A99,On REPAIR,35:28.2,35:28.2,John,Replaced filter and checked lubrication
MR723,A99,On REPAIR,35:28.2,35:28.2,Jane Smith,Replaced filter and checked lubrication
MR724,A99,On REPAIR,35:28.2,35:28.2,Jane Smith,Replaced filter and checked lubrication
MR725,A99,On REPAIR,35:28.2,35:28.2,John,Replaced filter and checked lubrication
MR726,A100,Spare Replacement,35:28.2,35:28.2,Jane Smith,Replaced filter and checked lubrication
MR727,A100,On REPAIR,35:28.2,35:28.2,Tony,Replaced filter and checked lubrication
MR728,A100,On REPAIR,35:28.2,35:28.2,John,Replaced filter and checked lubrication
MR729,A100,On REPAIR,35:28.2,35:28.2,John,Replaced filter and checked lubrication
MR730,A100,On REPAIR,35:28.2,35:28.2,Tony,Replaced filter and checked lubrication
MR731,A100,Spare Replacement,35:28.2,35:28.2,Tony,Replaced filter and checked lubrication
MR732,A100,On REPAIR,35:28.2,35:28.2,John,Replaced filter and checked lubrication
MR733,A100,On REPAIR,35:28.2,35:28.2,John,Replaced filter and checked lubrication
MR734,A101,On REPAIR,35:28.2,35:28.2,Jane Smith,Replaced filter and checked lubrication
MR735,A101,Spare Replacement,35:28.2,35:28.2,Jane Smith,Replaced filter and checked lubrication
MR736,A101,On REPAIR,35:28.2,35:28.2,John,Replaced filter and checked lubrication
MR737,A101,On REPAIR,35:28.2,35:28.2,Jane Smith,Replaced filter and checked lubrication
MR738,A101,On REPAIR,35:28.2,35:28.2,Tony,Replaced filter and checked lubrication
MR739,A101,Spare Replacement,35:28.2,35:28.2,John,Replaced filter and checked lubrication
MR740,A101,On REPAIR,35:28.2,35:28.2,Jane Smith,Replaced filter and checked lubrication
MR741,A101,On REPAIR,35:28.2,35:28.2,John,Replaced filter and checked lubrication
MR742,A102,On REPAIR,35:28.2,35:28.2,John,Replaced filter and checked lubrication
MR743,A102,On REPAIR,35:28.2,35:28.2,Tony,Replaced filter and checked lubrication
MR744,A102,On REPAIR,35:28.2,35:28.2,Jane Smith,Replaced filter and checked lubrication
MR745,A102,On REPAIR,35:28.2,35:28.2,Tony,Replaced filter and checked lubrication
MR746,A102,On REPAIR,35:28.2,35:28.2,Tony,Replaced filter and checked lubrication
MR747,A102,Spare Replacement,35:28.2,35:28.2,John,Replaced filter and checked lubrication
MR748,A103,On REPAIR,35:28.2,35:28.2,Jane Smith,Replaced filter and checked lubrication
MR749,A103,On REPAIR,35:28.2,35:28.2,Tony,Replaced filter and checked lubrication
MR750,A103,On REPAIR,35:28.2,35:28.2,Tony,Replaced filter and checked lubrication
MR751,A103,On REPAIR,35:28.2,35:28.2,Jane Smith,Replaced filter and checked lubrication
MR752,A103,Spare Replacement,35:28.2,35:28.2,John,Replaced filter and checked lubrication
MR753,A103,Spare Replacement,35:28.2,35:28.2,John,Replaced filter and checked lubrication
MR754,A103,On REPAIR,35:28.2,35:28.2,Jane Smith,Replaced filter and checked lubrication
MR755,A103,On REPAIR,35:28.2,35:28.2,Tony,Replaced filter and checked lubrication
MR756,A103,On REPAIR,35:28.2,35:28.2,Tony,Replaced filter and checked lubrication
MR757,A104,On REPAIR,35:28.2,35:28.2,Tony,Replaced filter and checked lubrication
MR758,A104,On REPAIR,35:28.2,35:28.2,Jane Smith,Replaced filter and checked lubrication
MR759,A104,On REPAIR,35:28.2,35:28.2,John,Replaced filter and checked lubrication
MR760,A104,On REPAIR,35:28.2,35:28.2,Tony,Replaced filter and checked lubrication
MR761,A104,On REPAIR,35:28.2,35:28.2,Jane Smith,Replaced filter and checked lubrication
MR762,A104,On REPAIR,35:28.2,35:28.2,John,Replaced filter and checked lubrication
MR763,A104,On REPAIR,35:28.2,35:28.2,Tony,Replaced filter and checked lubrication
MR764,A105,On REPAIR,35:28.2,35:28.2,Tony,Replaced filter and checked lubrication
MR765,A105,On REPAIR,35:28.2,35:28.2,Tony,Replaced filter and checked lubrication
MR766,A105,On REPAIR,35:28.2,35:28.2,John,Replaced filter and checked lubrication
MR767,A105,Spare Replacement,35:28.2,35:28.2,John,Replaced filter and checked lubrication
MR768,A105,Spare Replacement,35:28.2,35:28.2,John,Replaced filter and checked lubrication
MR769,A105,On REPAIR,35:28.2,35:28.2,Jane Smith,Replaced filter and checked lubrication
MR770,A105,On REPAIR,35:28.2,35:28.2,Jane Smith,Replaced filter and checked lubrication
MR771,A106,On REPAIR,35:28.2,35:28.2,Tony,Replaced filter and checked lubrication
MR772,A106,Spare Replacement,35:28.2,35:28.2,John,Replaced filter and checked lubrication
MR773,A106,On REPAIR,35:28.2,35:28.2,Jane Smith,Replaced filter and checked lubrication
MR774,A106,Spare Replacement,35:28.2,35:28.2,John,Replaced filter and checked lubrication
MR775,A106,On REPAIR,35:28.2,35:28.2,Tony,Replaced filter and checked lubrication
MR776,A106,On REPAIR,35:28.2,35:28.2,Tony,Replaced filter and checked lubrication
MR777,A107,On REPAIR,35:28.2,35:28.2,Tony,Replaced filter and checked lubrication
MR778,A107,On REPAIR,35:28.2,35:28.2,Jane Smith,Replaced filter and checked lubrication
MR779,A107,On REPAIR,35:28.2,35:28.2,Jane Smith,Replaced filter and checked lubrication
MR780,A107,Spare Replacement,35:28.2,35:28.2,John,Replaced filter and checked lubrication
MR781,A107,Spare Replacement,35:28.2,35:28.2,Jane Smith,Replaced filter and checked lubrication
MR782,A107,On REPAIR,35:28.2,35:28.2,Tony,Replaced filter and checked lubrication
MR783,A107,On REPAIR,35:28.2,35:28.2,Jane Smith,Replaced filter and checked lubrication
MR784,A107,On REPAIR,35:28.2,35:28.2,Jane Smith,Replaced filter and checked lubrication
MR785,A107,On REPAIR,35:28.2,35:28.2,Jane Smith,Replaced filter and checked lubrication
MR786,A108,On REPAIR,35:28.2,35:28.2,Tony,Replaced filter and checked lubrication
MR787,A108,On REPAIR,35:28.2,35:28.2,Tony,Replaced filter and checked lubrication
MR788,A108,On REPAIR,35:28.2,35:28.2,Tony,Replaced filter and checked lubrication
MR789,A108,Spare Replacement,35:28.2,35:28.2,Tony,Replaced filter and checked lubrication
MR790,A108,Spare Replacement,35:28.2,35:28.2,Tony,Replaced filter and checked lubrication
MR791,A108,Spare Replacement,35:28.2,35:28.2,Jane Smith,Replaced filter and checked lubrication
MR792,A108,On REPAIR,35:28.2,35:28.2,John,Replaced filter and checked lubrication
MR793,A108,On REPAIR,35:28.2,35:28.2,John,Replaced filter and checked lubrication
MR794,A109,On REPAIR,35:28.2,35:28.2,Tony,Replaced filter and checked lubrication
MR795,A109,On REPAIR,35:28.2,35:28.2,John,Replaced filter and checked lubrication
MR796,A109,Spare Replacement,35:28.2,35:28.2,John,Replaced filter and checked lubrication
MR797,A109,On REPAIR,35:28.2,35:28.2,Tony,Replaced filter and checked lubrication
MR798,A109,On REPAIR,35:28.2,35:28.2,John,Replaced filter and checked lubrication
MR799,A109,On REPAIR,35:28.2,35:28.2,Tony,Replaced filter and checked lubrication
MR800,A109,Spare Replacement,35:28.2,35:28.2,John,Replaced filter and checked lubrication
MR801,A109,On REPAIR,35:28.2,35:28.2,John,Replaced filter and checked lubrication
MR802,A109,On REPAIR,35:28.2,35:28.2,Tony,Replaced filter and checked lubrication
MR803,A110,On REPAIR,35:28.2,35:28.2,Tony,Replaced filter and checked lubrication
MR804,A110,Spare Replacement,35:28.2,35:28.2,Jane Smith,Replaced filter and checked lubrication
MR805,A110,On REPAIR,35:28.2,35:28.2,John,Replaced filter and checked lubrication
MR806,A110,On REPAIR,35:28.2,35:28.2,Tony,Replaced filter and checked lubrication
MR807,A110,On REPAIR,35:28.2,35:28.2,Jane Smith,Replaced filter and checked lubrication
MR808,A110,On REPAIR,35:28.2,35:28.2,Tony,Replaced filter and checked lubrication
MR809,A111,On REPAIR,35:28.2,35:28.2,Tony,Replaced filter and checked lubrication
MR810,A111,On REPAIR,35:28.2,35:28.2,John,Replaced filter and checked lubrication
MR811,A111,On REPAIR,35:28.2,35:28.2,Jane Smith,Replaced filter and checked lubrication
MR812,A111,Spare Replacement,35:28.2,35:28.2,Jane Smith,Replaced filter and checked lubrication
MR813,A111,On REPAIR,35:28.2,35:28.2,Tony,Replaced filter and checked lubrication
MR814,A111,On REPAIR,35:28.2,35:28.2,Jane Smith,Replaced filter and checked lubrication
MR815,A112,On REPAIR,35:28.2,35:28.2,John,Replaced filter and checked lubrication
MR816,A112,On REPAIR,35:28.2,35:28.2,Jane Smith,Replaced filter and checked lubrication
MR817,A112,Spare Replacement,35:28.2,35:28.2,Jane Smith,Replaced filter and checked lubrication
MR818,A112,Spare Replacement,35:28.2,35:28.2,John,Replaced filter and checked lubrication
MR819,A112,On REPAIR,35:28.2,35:28.2,John,Replaced filter and checked lubrication
MR820,A112,On REPAIR,35:28.2,35:28.2,Tony,Replaced filter and checked lubrication
MR821,A112,On REPAIR,35:28.2,35:28.2,Jane Smith,Replaced filter and checked lubrication
MR822,A112,On REPAIR,35:28.2,35:28.2,John,Replaced filter and checked lubrication
MR823,A113,On REPAIR,35:28.2,35:28.2,Tony,Replaced filter and checked lubrication
MR824,A113,On REPAIR,35:28.2,35:28.2,John,Replaced filter and checked lubrication
MR825,A113,On REPAIR,35:28.2,35:28.2,Tony,Replaced filter and checked lubrication
MR826,A113,On REPAIR,35:28.2,35:28.2,Tony,Replaced filter and checked lubrication
MR827,A113,On REPAIR,35:28.2,35:28.2,John,Replaced filter and checked lubrication
MR828,A113,On REPAIR,35:28.2,35:28.2,John,Replaced filter and checked lubrication
MR829,A114,On REPAIR,35:28.2,35:28.2,Jane Smith,Replaced filter and checked lubrication
MR830,A114,On REPAIR,35:28.2,35:28.2,John,Replaced filter and checked lubrication
MR831,A114,On REPAIR,35:28.2,35:28.2,John,Replaced filter and checked lubrication
MR832,A114,Spare Replacement,35:28.2,35:28.2,Jane Smith,Replaced filter and checked lubrication
MR833,A114,Spare Replacement,35:28.2,35:28.2,John,Replaced filter and checked lubrication
MR834,A114,On REPAIR,35:28.2,35:28.2,John,Replaced filter and checked lubrication
MR835,A114,On REPAIR,35:28.2,35:28.2,Tony,Replaced filter and checked lubrication
MR836,A115,On REPAIR,35:28.2,35:28.2,John,Replaced filter and checked lubrication
MR837,A115,Spare Replacement,35:28.2,35:28.2,Tony,Replaced filter and checked lubrication
MR838,A115,On REPAIR,35:28.2,35:28.2,John,Replaced filter and checked lubrication
MR839,A115,Spare Replacement,35:28.2,35:28.2,Jane Smith,Replaced filter and checked lubrication
MR840,A115,On REPAIR,35:28.2,35:28.2,Jane Smith,Replaced filter and checked lubrication
MR841,A115,On REPAIR,35:28.2,35:28.2,Jane Smith,Replaced filter and checked lubrication
MR842,A115,On REPAIR,35:28.2,35:28.2,John,Replaced filter and checked lubrication
MR843,A116,On REPAIR,35:28.2,35:28.2,John,Replaced filter and checked lubrication
MR844,A116,On REPAIR,35:28.2,35:28.2,John,Replaced filter and checked lubrication
MR845,A116,Spare Replacement,35:28.2,35:28.2,Jane Smith,Replaced filter and checked lubrication
MR846,A116,Spare Replacement,35:28.2,35:28.2,Tony,Replaced filter and checked lubrication
MR847,A116,On REPAIR,35:28.2,35:28.2,Tony,Replaced filter and checked lubrication
MR848,A116,On REPAIR,35:28.2,35:28.2,Jane Smith,Replaced filter and checked lubrication
MR849,A116,On REPAIR,35:28.2,35:28.2,John,Replaced filter and checked lubrication
MR850,A116,On REPAIR,35:28.2,35:28.2,John,Replaced filter and checked lubrication
MR851,A116,On REPAIR,35:28.2,35:28.2,Tony,Replaced filter and checked lubrication
MR852,A117,On REPAIR,35:28.2,35:28.2,Jane Smith,Replaced filter and checked lubrication
MR853,A117,On REPAIR,35:28.2,35:28.2,Tony,Replaced filter and checked lubrication
MR854,A117,Spare Replacement,35:28.2,35:28.2,Tony,Replaced filter and checked lubrication
MR855,A117,Spare Replacement,35:28.2,35:28.2,John,Replaced filter and checked lubrication
MR856,A117,On REPAIR,35:28.2,35:28.2,Jane Smith,Replaced filter and checked lubrication
MR857,A117,On REPAIR,35:28.2,35:28.2,Jane Smith,Replaced filter and checked lubrication
MR858,A117,On REPAIR,35:28.2,35:28.2,John,Replaced filter and checked lubrication
MR859,A117,On REPAIR,35:28.2,35:28.2,John,Replaced filter and checked lubrication
MR860,A117,On REPAIR,35:28.2,35:28.2,Tony,Replaced filter and checked lubrication
MR861,A118,Spare Replacement,35:28.2,35:28.2,John,Replaced filter and checked lubrication
MR862,A118,On REPAIR,35:28.2,35:28.2,Tony,Replaced filter and checked lubrication
MR863,A118,On REPAIR,35:28.2,35:28.2,John,Replaced filter and checked lubrication
MR864,A118,On REPAIR,35:28.2,35:28.2,John,Replaced filter and checked lubrication
MR865,A118,On REPAIR,35:28.2,35:28.2,Jane Smith,Replaced filter and checked lubrication
MR866,A118,Spare Replacement,35:28.2,35:28.2,John,Replaced filter and checked lubrication
MR867,A119,On REPAIR,35:28.2,35:28.2,Tony,Replaced filter and checked lubrication
MR868,A119,On REPAIR,35:28.2,35:28.2,Jane Smith,Replaced filter and checked lubrication
MR869,A119,On REPAIR,35:28.2,35:28.2,John,Replaced filter and checked lubrication
MR870,A119,Spare Replacement,35:28.2,35:28.2,Tony,Replaced filter and checked lubrication
MR871,A119,On REPAIR,35:28.2,35:28.2,Jane Smith,Replaced filter and checked lubrication
MR872,A119,On REPAIR,35:28.2,35:28.2,Jane Smith,Replaced filter and checked lubrication
MR873,A119,On REPAIR,35:28.2,35:28.2,Tony,Replaced filter and checked lubrication
MR874,A120,Spare Replacement,35:28.2,35:28.2,John,Replaced filter and checked lubrication
MR875,A120,On REPAIR,35:28.2,35:28.2,Jane Smith,Replaced filter and checked lubrication
MR876,A120,On REPAIR,35:28.2,35:28.2,Tony,Replaced filter and checked lubrication
MR877,A120,On REPAIR,35:28.2,35:28.2,Tony,Replaced filter and checked lubrication
MR878,A120,On REPAIR,35:28.2,35:28.2,Tony,Replaced filter and checked lubrication
MR879,A120,On REPAIR,35:28.2,35:28.2,John,Replaced filter and checked lubrication
MR880,A120,On REPAIR,35:28.2,35:28.2,John,Replaced filter and checked lubrication
MR881,A120,On REPAIR,35:28.2,35:28.2,John,Replaced filter and checked lubrication
MR882,A120,Spare Replacement,35:28.2,35:28.2,John,Replaced filter and checked lubrication
MR883,A121,On REPAIR,35:28.2,35:28.2,John,Replaced filter and checked lubrication
MR884,A121,On REPAIR,35:28.2,35:28.2,Jane Smith,Replaced filter and checked lubrication
MR885,A121,On REPAIR,35:28.2,35:28.2,Jane Smith,Replaced filter and checked lubrication
MR886,A121,On REPAIR,35:28.2,35:28.2,Jane Smith,Replaced filter and checked lubrication
MR887,A121,Spare Replacement,35:28.2,35:28.2,Tony,Replaced filter and checked lubrication
MR888,A121,Spare Replacement,35:28.2,35:28.2,Jane Smith,Replaced filter and checked lubrication
MR889,A121,On REPAIR,35:28.2,35:28.2,John,Replaced filter and checked lubrication
MR890,A122,On REPAIR,35:28.2,35:28.2,John,Replaced filter and checked lubrication
MR891,A122,On REPAIR,35:28.2,35:28.2,Tony,Replaced filter and checked lubrication
MR892,A122,On REPAIR,35:28.2,35:28.2,John,Replaced filter and checked lubrication
MR893,A122,On REPAIR,35:28.2,35:28.2,John,Replaced filter and checked lubrication
MR894,A122,On REPAIR,35:28.2,35:28.2,Tony,Replaced filter and checked lubrication
MR895,A122,On REPAIR,35:28.2,35:28.2,Tony,Replaced filter and checked lubrication
MR896,A123,On REPAIR,35:28.2,35:28.2,Tony,Replaced filter and checked lubrication
MR897,A123,On REPAIR,35:28.2,35:28.2,Jane Smith,Replaced filter and checked lubrication
MR898,A123,On REPAIR,35:28.2,35:28.2,Jane Smith,Replaced filter and checked lubrication
MR899,A123,On REPAIR,35:28.2,35:28.2,Jane Smith,Replaced filter and checked lubrication
MR900,A123,On REPAIR,35:28.2,35:28.2,John,Replaced filter and checked lubrication
MR901,A123,On REPAIR,35:28.2,35:28.2,Jane Smith,Replaced filter and checked lubrication
MR902,A123,Spare Replacement,35:28.2,35:28.2,Jane Smith,Replaced filter and checked lubrication
MR903,A124,Spare Replacement,35:28.2,35:28.2,John,Replaced filter and checked lubrication
MR904,A124,On REPAIR,35:28.2,35:28.2,Jane Smith,Replaced filter and checked lubrication
MR905,A124,On REPAIR,35:28.2,35:28.2,Jane Smith,Replaced filter and checked lubrication
MR906,A124,On REPAIR,35:28.2,35:28.2,John,Replaced filter and checked lubrication
MR907,A124,Spare Replacement,35:28.2,35:28.2,Tony,Replaced filter and checked lubrication
MR908,A124,On REPAIR,35:28.2,35:28.2,Jane Smith,Replaced filter and checked lubrication
MR909,A124,Spare Replacement,35:28.2,35:28.2,Tony,Replaced filter and checked lubrication
MR910,A125,On REPAIR,35:28.2,35:28.2,Jane Smith,Replaced filter and checked lubrication
MR911,A125,On REPAIR,35:28.2,35:28.2,Jane Smith,Replaced filter and checked lubrication
MR912,A125,On REPAIR,35:28.2,35:28.2,Jane Smith,Replaced filter and checked lubrication
MR913,A125,On REPAIR,35:28.2,35:28.2,John,Replaced filter and checked lubrication
MR914,A126,On REPAIR,35:28.2,35:28.2,John,Replaced filter and checked lubrication
MR915,A126,Spare Replacement,35:28.2,35:28.2,Jane Smith,Replaced filter and checked lubrication
MR916,A126,Spare Replacement,35:28.2,35:28.2,Jane Smith,Replaced filter and checked lubrication
MR917,A126,On REPAIR,35:28.2,35:28.2,Tony,Replaced filter and checked lubrication
MR918,A126,On REPAIR,35:28.2,35:28.2,Tony,Replaced filter and checked lubrication
MR919,A126,On REPAIR,35:28.2,35:28.2,Jane Smith,Replaced filter and checked lubrication
MR920,A126,On REPAIR,35:28.2,35:28.2,John,Replaced filter and checked lubrication
MR921,A126,On REPAIR,35:28.2,35:28.2,John,Replaced filter and checked lubrication
MR922,A127,On REPAIR,35:28.2,35:28.2,Tony,Replaced filter and checked lubrication
MR923,A127,On REPAIR,35:28.2,35:28.2,Jane Smith,Replaced filter and checked lubrication
MR924,A127,Spare Replacement,35:28.2,35:28.2,Tony,Replaced filter and checked lubrication
MR925,A127,Spare Replacement,35:28.2,35:28.2,John,Replaced filter and checked lubrication
MR926,A127,On REPAIR,35:28.2,35:28.2,John,Replaced filter and checked lubrication
MR927,A127,On REPAIR,35:28.2,35:28.2,John,Replaced filter and checked lubrication
MR928,A128,On REPAIR,35:28.2,35:28.2,Jane Smith,Replaced filter and checked lubrication
MR929,A128,On REPAIR,35:28.2,35:28.2,John,Replaced filter and checked lubrication
MR930,A128,On REPAIR,35:28.2,35:28.2,John,Replaced filter and checked lubrication
MR931,A128,Spare Replacement,35:28.2,35:28.2,Tony,Replaced filter and checked lubrication
MR932,A128,On REPAIR,35:28.2,35:28.2,John,Replaced filter and checked lubrication
MR933,A128,On REPAIR,35:28.2,35:28.2,Jane Smith,Replaced filter and checked lubrication
MR934,A129,On REPAIR,35:28.2,35:28.2,John,Replaced filter and checked lubrication
MR935,A129,Spare Replacement,35:28.2,35:28.2,Tony,Replaced filter and checked lubrication
MR936,A129,On REPAIR,35:28.2,35:28.2,Jane Smith,Replaced filter and checked lubrication
MR937,A129,On REPAIR,35:28.2,35:28.2,Jane Smith,Replaced filter and checked lubrication
MR938,A129,Spare Replacement,35:28.2,35:28.2,Tony,Replaced filter and checked lubrication
MR939,A129,On REPAIR,35:28.2,35:28.2,John,Replaced filter and checked lubrication
MR940,A130,Spare Replacement,35:28.2,35:28.2,John,Replaced filter and checked lubrication
